hist_lag,rebalancing_frequency,risk_tolerance,Return,Volatility,Sharpe Ratio,Portfolio Combination,risk_score
378,84,1,0.006256191,0.033998456,2.834474227,"{'CF': 15285.1, 'DVN': 23236.34, 'EQT': 61291.48, 'MCK': 1051.33, 'OXY': 47037.53}",1
252,189,1,0.006183601,0.033859493,2.898715394,"{'APA': 41985.31, 'CF': 15539.51, 'DVN': 35318.89, 'HAL': 196.22, 'MRO': 61576.36, 'MOS': 27309.93, 'OXY': 16613.05}",1
252,189,0.9,0.006115702,0.033112887,2.921115854,"{'APA': 41304.03, 'CF': 16193.05, 'DVN': 35281.08, 'MRO': 61345.22, 'MOS': 27858.66, 'OXY': 15641.26}",0.99
252,189,0.8,0.006073605,0.032611789,2.939897784,"{'APA': 40372.94, 'CF': 17005.78, 'DVN': 35141.1, 'MRO': 61033.97, 'MOS': 28480.79, 'OXY': 14505.28, 'TRGP': 9.1}",0.99
378,84,0.9,0.006109959,0.032432597,2.90323611,"{'CF': 15735.38, 'DVN': 22127.28, 'EQT': 59487.44, 'MCK': 1737.14, 'OXY': 44979.65}",0.98
378,21,1,0.006458956,0.032263536,2.956099981,"{'CEG': 55938.02, 'MPC': 4112.37, 'OXY': 28740.84, 'SMCI': 142335.57}",0.98
378,42,1,0.006046938,0.032137623,2.83876102,"{'EQT': 28918.46, 'MCK': 7474.47, 'OXY': 37719.82, 'SMCI': 261919.75, 'VRTX': 1963.73}",0.98
378,231,1,0.005746235,0.032115452,2.710412275,"{'CF': 15142.66, 'DVN': 22049.89, 'ENPH': 2252.54, 'EQT': 41201.21, 'MRO': 24652.01, 'MCK': 2859.02, 'OXY': 44893.7, 'VRTX': 4.8}",0.97
252,21,1,0.006949353,0.031828743,3.332722627,"{'CEG': 14855.86, 'ERIE': 645.06, 'FSLR': 24643.86, 'SMCI': 335217.26}",0.97
378,231,0.9,0.005728805,0.031713225,2.734374733,"{'CF': 15122.77, 'DVN': 20197.5, 'ENPH': 2337.2, 'EQT': 39700.65, 'MRO': 20861.68, 'MCK': 3388.27, 'OXY': 42919.18, 'VRTX': 661.64}",0.96
252,84,1,0.006648883,0.031508464,3.310731067,"{'CEG': 39613.97, 'EQT': 52845.3, 'OXY': 55863.57}",0.96
378,21,0.9,0.006393359,0.031431449,3.000221894,"{'CEG': 54476.13, 'MPC': 4649.76, 'OXY': 27569.36, 'SMCI': 136898.16, 'VRTX': 537.7}",0.95
252,189,0.7,0.005937588,0.031302115,2.990446054,"{'APA': 38427.92, 'CF': 17717.95, 'DVN': 34288.69, 'MRO': 59600.42, 'MOS': 28695.97, 'OXY': 12901.09, 'TRGP': 1118.35, 'TSLA': 244.11}",0.95
378,84,0.8,0.005989198,0.031260903,2.949852898,"{'CF': 16250.82, 'DVN': 20940.65, 'EQT': 57668.84, 'MCK': 2476.71, 'OXY': 42883.26}",0.95
378,42,0.9,0.005971294,0.031245541,2.884373292,"{'EQT': 28120.62, 'MPC': 1217.23, 'MCK': 7398.5, 'OXY': 34829.67, 'SMCI': 253445.08, 'VRTX': 2568.51}",0.94
378,147,1,0.005452253,0.03120968,2.663892992,"{'CEG': 60418.96, 'MPC': 4441.8, 'OXY': 31043.13, 'SMCI': 153737.42}",0.94
252,21,0.9,0.006890515,0.031133654,3.374401235,"{'CEG': 14287.33, 'ERIE': 629.16, 'FSLR': 25700.18, 'SMCI': 324950.86}",0.93
378,105,1,0.005314169,0.030977352,2.574107335,"{'CEG': 59690.34, 'MPC': 4388.23, 'OXY': 30668.77, 'SMCI': 151883.43}",0.93
378,147,0.9,0.005425713,0.030789636,2.687428244,"{'CEG': 59031.87, 'MPC': 5038.61, 'OXY': 29874.94, 'SMCI': 148346.7, 'VRTX': 582.66}",0.93
378,231,0.8,0.005639904,0.030753782,2.769448283,"{'CF': 12656.13, 'COP': 3660.36, 'DVN': 17090.63, 'DLTR': 2779.95, 'ENPH': 2636.58, 'EQT': 31806.38, 'MRO': 27226.83, 'MPC': 3238.26, 'MCK': 3063.57, 'OXY': 30195.1, 'VRTX': 1764.99}",0.92
378,168,1,0.005821076,0.030616236,2.92894961,"{'CF': 15494.09, 'DVN': 23554.05, 'EQT': 62129.51, 'MCK': 1065.7, 'OXY': 47680.67}",0.92
252,84,0.9,0.006560519,0.030609697,3.356132348,"{'CEG': 40274.23, 'EQT': 51709.8, 'OXY': 55914.8}",0.91
378,21,0.8,0.006314683,0.030538694,3.046878402,"{'CEG': 49876.65, 'MPC': 5451.88, 'MCK': 763.88, 'OXY': 25448.67, 'SMCI': 131264.86, 'VRTX': 1284.22}",0.91
378,84,0.7,0.005908376,0.030359656,3.000977025,"{'CF': 16518.74, 'DVN': 19726.82, 'EQT': 53908.78, 'MRO': 4380.13, 'MCK': 3206.46, 'OXY': 39196.78, 'SMCI': 16503.32}",0.9
378,105,0.9,0.005268814,0.030240979,2.618834095,"{'CEG': 58340.89, 'MPC': 4979.63, 'OXY': 29525.24, 'SMCI': 146610.27, 'VRTX': 575.84}",0.9
252,189,0.6,0.005811662,0.030154829,3.03382991,"{'APA': 35560.05, 'BKR': 222.77, 'CF': 18398.37, 'DVN': 32828.78, 'DLTR': 65.54, 'HAL': 18.66, 'MRO': 57287.01, 'MOS': 28576.53, 'OXY': 10917.75, 'ON': 199.81, 'TRGP': 2470.09, 'TSLA': 761.97}",0.9
378,42,0.8,0.005868502,0.03014188,2.939292865,"{'EQT': 26429.76, 'XOM': 747.8, 'MPC': 1759.29, 'MCK': 7519.72, 'OXY': 32550.97, 'SMCI': 241867.38, 'VRTX': 2992.21}",0.89
252,21,0.8,0.006797812,0.030073192,3.430832972,"{'CEG': 15194.42, 'ERIE': 2307.04, 'FSLR': 21318.15, 'LW': 6052.16, 'SMCI': 287480.73}",0.89
378,63,1,0.005401687,0.030035338,2.749917647,"{'CF': 14696.68, 'DVN': 21400.49, 'ENPH': 2186.2, 'EQT': 39987.76, 'MRO': 23925.96, 'MCK': 2774.82, 'OXY': 43571.51, 'VRTX': 4.65}",0.88
252,42,1,0.006429423,0.029954558,3.354693312,"{'CEG': 30939.38, 'ENPH': 5634.87, 'EQT': 16151.18, 'FSLR': 19247.71, 'OXY': 14028.73}",0.88
378,210,1,0.004662185,0.02978977,2.347832382,"{'AZO': 246.09, 'CF': 7085.22, 'DVN': 22644.94, 'DLTR': 8149.69, 'LLY': 1739.82, 'MCK': 7447.22, 'OXY': 37224.34, 'VRTX': 3417.24}",0.88
252,84,0.8,0.006483603,0.029751702,3.404156005,"{'CEG': 37641.94, 'EQT': 50989.72, 'MCK': 1796.81, 'OXY': 49949.21}",0.87
378,147,0.8,0.005311543,0.029701334,2.721061385,"{'CEG': 53983.56, 'MPC': 5900.8, 'MCK': 826.78, 'OXY': 27544.15, 'SMCI': 142073.4, 'VRTX': 1389.96}",0.87
378,252,1,0.005589792,0.029652726,2.948045797,"{'DVN': 93324.91, 'EXR': 926.37, 'F': 67030.9, 'FTNT': 52672.41, 'IT': 134.05, 'NVDA': 10471.6}",0.86
252,63,1,0.005753376,0.02963215,3.04511256,"{'CEG': 33724.41, 'ENPH': 9206.49, 'EQT': 58274.72, 'OXY': 22348.51}",0.86
252,168,1,0.006070883,0.029595141,3.213497846,"{'CEG': 40362.3, 'EQT': 53843.57, 'OXY': 56918.86}",0.86
378,168,0.9,0.005725551,0.029551947,2.988800477,"{'CF': 15957.37, 'DVN': 22439.44, 'EQT': 60326.67, 'MCK': 1761.65, 'OXY': 45614.21}",0.85
378,21,0.7,0.006210435,0.029500951,3.092040782,"{'CEG': 45395.23, 'EQT': 1475.68, 'MPC': 6137.58, 'MCK': 1470.62, 'OXY': 23292.42, 'SMCI': 125542.72, 'VRTX': 1973.41}",0.85
378,231,0.7,0.005520891,0.02946633,2.836569988,"{'CF': 12568.62, 'COP': 3454.73, 'DVN': 15511.23, 'DLTR': 3452.67, 'ENPH': 2660.75, 'EQT': 30482.84, 'MRO': 23517.07, 'MPC': 3464.28, 'MCK': 3418.02, 'OXY': 28790.24, 'VRTX': 2178.52}",0.84
252,42,0.9,0.006377982,0.029379154,3.396381517,"{'CEG': 31500.89, 'ENPH': 5251.94, 'EQT': 16844.37, 'FSLR': 19293.18, 'OXY': 14535.01}",0.84
378,42,0.7,0.005789651,0.029363244,2.977420256,"{'EQT': 24093.82, 'XOM': 1029.04, 'MPC': 1852.21, 'MCK': 7918.64, 'OXY': 30808.96, 'SMCI': 228825.72, 'VRTX': 3378.54}",0.83
378,210,0.9,0.004640641,0.029182904,2.395436533,"{'AZO': 54.57, 'DVN': 16230.22, 'DLTR': 8260.08, 'LLY': 768.31, 'MCK': 11245.12, 'OXY': 43754.01, 'VRTX': 3489.47}",0.83
252,63,0.9,0.005709767,0.029087079,3.073995298,"{'CEG': 34552.97, 'ENPH': 8797.86, 'EQT': 58638.69, 'OXY': 22750.74}",0.83
252,105,1,0.005440376,0.029032217,2.930272657,"{'CEG': 16130.72, 'ERIE': 700.42, 'FSLR': 26758.67, 'SMCI': 363983.97}",0.82
252,168,0.9,0.006019951,0.029008193,3.243946508,"{'CEG': 41017.66, 'EQT': 52664.33, 'OXY': 56946.94}",0.82
378,105,0.8,0.005148102,0.028987816,2.666927758,"{'CEG': 53486.37, 'MPC': 5846.45, 'MCK': 819.16, 'OXY': 27290.47, 'SMCI': 140764.9, 'VRTX': 1377.16}",0.81
378,84,0.6,0.005771351,0.028961993,3.074105037,"{'CF': 16986.26, 'CTRA': 51.76, 'DVN': 17841.91, 'EQT': 52267.51, 'MCK': 3983.95, 'OXY': 37326.02, 'SMCI': 36135.66}",0.81
252,21,0.7,0.006680744,0.028903091,3.496437451,"{'CEG': 15062.0, 'ERIE': 3252.09, 'FSLR': 17258.1, 'GILD': 5422.96, 'LW': 9551.91, 'SMCI': 250493.68}",0.81
378,63,0.9,0.005307474,0.028863114,2.816956654,"{'CF': 14658.35, 'DVN': 19577.24, 'ENPH': 2265.43, 'EQT': 38481.45, 'MRO': 20221.02, 'MCK': 3284.22, 'OXY': 41601.13, 'VRTX': 641.32}",0.8
378,147,0.7,0.005249159,0.028692802,2.786816945,"{'CEG': 49099.25, 'EQT': 1596.08, 'MPC': 6638.37, 'MCK': 1590.61, 'OXY': 25192.96, 'SMCI': 135786.34, 'VRTX': 2134.43}",0.8
252,84,0.7,0.006356452,0.028638399,3.481508903,"{'CEG': 37860.27, 'EQT': 49733.2, 'MCK': 2096.33, 'OXY': 49040.22}",0.79
378,189,1,0.005263244,0.028604851,2.864644917,"{'ANET': 2024.79, 'DVN': 62166.05, 'MRO': 35009.31, 'NUE': 3574.11, 'NVDA': 30248.23, 'PANW': 592.22, 'TRGP': 43730.57}",0.79
252,126,1,0.006050505,0.028555101,3.227227334,"{'ABBV': 5621.52, 'CF': 3328.84, 'DLTR': 11886.56, 'MCK': 6688.92, 'OXY': 35299.26, 'VRTX': 7976.44}",0.78
378,168,0.8,0.005641781,0.028549353,3.050454973,"{'CF': 16460.56, 'DVN': 21210.91, 'EQT': 58413.13, 'MCK': 2508.67, 'OXY': 43436.72}",0.78
252,42,0.8,0.006303287,0.028531833,3.446114777,"{'CEG': 32149.57, 'ENPH': 4770.83, 'EQT': 17601.54, 'FSLR': 19330.66, 'OXY': 15098.94}",0.78
252,105,0.9,0.005406276,0.028486075,2.965282056,"{'CEG': 15464.63, 'ERIE': 681.0, 'FSLR': 27817.92, 'SMCI': 351727.3}",0.77
252,63,0.8,0.005647667,0.028440321,3.11427585,"{'CEG': 28545.62, 'ENPH': 8144.11, 'EQT': 50370.63, 'FSLR': 6913.36, 'OXY': 24314.96}",0.77
252,189,0.5,0.005612794,0.028333005,3.110868951,"{'APA': 30994.59, 'BKR': 1844.18, 'CF': 19146.22, 'DVN': 30720.73, 'DLTR': 1174.86, 'MRO': 53207.41, 'MCK': 42.54, 'MOS': 28141.2, 'OXY': 7145.65, 'ON': 1879.51, 'PANW': 6.44, 'TRGP': 3347.1, 'TSLA': 1265.78}",0.76
252,126,0.9,0.00602725,0.028249978,3.253871629,"{'ABBV': 5152.43, 'DLTR': 12042.23, 'MCK': 7236.47, 'OXY': 34747.93, 'VRTX': 8591.64}",0.76
378,21,0.6,0.006072923,0.028189562,3.155410854,"{'CEG': 40454.2, 'EQT': 2797.98, 'FICO': 304.03, 'MPC': 6618.89, 'MCK': 2068.37, 'OXY': 20874.33, 'SMCI': 117857.16, 'VRTX': 2548.02}",0.76
378,126,1,0.005253294,0.028146534,2.834229199,"{'AZO': 243.75, 'CF': 7017.77, 'DVN': 22429.37, 'DLTR': 8072.11, 'LLY': 1723.26, 'MCK': 7376.33, 'OXY': 36869.98, 'VRTX': 3384.71}",0.75
378,63,0.8,0.005253293,0.028098517,2.866791971,"{'CF': 12266.88, 'COP': 3547.78, 'DVN': 16564.99, 'DLTR': 2694.45, 'ENPH': 2555.5, 'EQT': 30828.15, 'MRO': 26389.45, 'MPC': 3138.66, 'MCK': 2969.35, 'OXY': 29266.43, 'VRTX': 1710.71}",0.75
252,168,0.8,0.005926583,0.028079317,3.287106139,"{'CEG': 38353.98, 'EQT': 51954.26, 'MCK': 1830.8, 'OXY': 50894.06}",0.74
378,42,0.6,0.005637386,0.027953204,3.043787029,"{'EQT': 21295.26, 'XOM': 1423.78, 'LW': 379.91, 'MPC': 1959.57, 'MCK': 8384.4, 'OXY': 28874.44, 'SMCI': 212797.76, 'VRTX': 3809.6}",0.74
378,231,0.6,0.005333962,0.027911519,2.889235611,"{'CF': 12495.93, 'COP': 3227.89, 'DVN': 13715.53, 'DLTR': 4192.08, 'ENPH': 2679.64, 'EQT': 28974.22, 'MRO': 19296.21, 'MPC': 3742.08, 'MCK': 3825.3, 'OXY': 27219.24, 'VRTX': 2646.48}",0.73
378,210,0.8,0.004515719,0.0278542,2.440860528,"{'AZO': 312.5, 'CF': 7150.02, 'DVN': 19028.94, 'DLTR': 8123.08, 'LLY': 2248.81, 'MCK': 7507.12, 'OXY': 32519.73, 'VRTX': 3877.1}",0.73
252,126,0.8,0.005982559,0.027844015,3.272448131,"{'ABBV': 6550.29, 'CF': 3855.91, 'DLTR': 11662.58, 'MCK': 6746.95, 'OXY': 32344.13, 'VRTX': 7993.26}",0.73
378,168,0.7,0.005564361,0.027726211,3.099373283,"{'CF': 16734.63, 'DVN': 19984.64, 'EQT': 54613.35, 'MRO': 4437.38, 'MCK': 3248.37, 'OXY': 39709.07, 'SMCI': 16719.01}",0.72
252,42,0.7,0.006205004,0.02763053,3.510940306,"{'CEG': 33101.87, 'ENPH': 4156.11, 'EQT': 18450.17, 'FSLR': 19451.62, 'OXY': 15784.47}",0.72
252,147,1,0.005804612,0.027567796,3.44227661,"{'CEG': 16321.62, 'ERIE': 708.71, 'FSLR': 27075.35, 'SMCI': 368291.55}",0.71
378,105,0.7,0.005003935,0.027521716,2.735773039,"{'CEG': 48694.64, 'EQT': 1582.93, 'MPC': 6583.67, 'MCK': 1577.51, 'OXY': 24985.35, 'SMCI': 134667.37, 'VRTX': 2116.84}",0.71
252,21,0.6,0.006535801,0.027499749,3.583353464,"{'CEG': 14422.92, 'ERIE': 3455.36, 'FSLR': 16817.1, 'GILD': 6376.84, 'LW': 10417.37, 'MPC': 292.95, 'MRK': 303.89, 'SMCI': 232760.32}",0.71
378,147,0.6,0.005106112,0.027428495,2.837280165,"{'CEG': 43692.15, 'EQT': 3021.92, 'FICO': 328.36, 'MPC': 7148.67, 'MCK': 2233.92, 'OXY': 22545.1, 'SMCI': 127290.41, 'VRTX': 2751.96}",0.7
252,63,0.7,0.005551125,0.02735502,3.184421331,"{'CEG': 30344.25, 'ENPH': 7851.99, 'EQT': 51911.84, 'FSLR': 5926.02, 'OXY': 24368.81}",0.7
378,189,0.9,0.005172667,0.02734131,2.949124608,"{'ANET': 5014.32, 'CF': 6191.28, 'DVN': 39688.36, 'FTNT': 5964.72, 'MRO': 42559.95, 'NUE': 5544.06, 'NVDA': 35054.31, 'PANW': 3102.31, 'TRGP': 28070.61}",0.69
378,84,0.5,0.005583337,0.027328534,3.160123377,"{'CF': 17224.72, 'DVN': 15283.69, 'EQT': 49342.02, 'MCK': 4816.52, 'OXY': 34509.41, 'SMCI': 54101.84, 'VRTX': 211.58}",0.69
378,63,0.7,0.005171312,0.027290902,2.898175647,"{'CF': 12208.1, 'COP': 3355.64, 'DVN': 15066.32, 'DLTR': 3353.64, 'ENPH': 2584.43, 'EQT': 29608.48, 'MRO': 22842.52, 'MPC': 3364.91, 'MCK': 3319.98, 'OXY': 27964.43, 'VRTX': 2116.03}",0.69
252,147,0.9,0.005775606,0.027256704,3.466481287,"{'CEG': 15653.95, 'ERIE': 689.34, 'FSLR': 28158.46, 'SMCI': 356033.1}",0.68
252,84,0.6,0.006200452,0.02710437,3.596001413,"{'CAH': 212.23, 'CEG': 38066.16, 'EQT': 48013.9, 'MCK': 2489.72, 'OXY': 47813.34}",0.68
378,210,0.7,0.004454525,0.027038771,2.488369424,"{'AZO': 348.23, 'CF': 7251.25, 'CTRA': 260.8, 'DVN': 17100.95, 'DLTR': 8087.71, 'LLY': 2519.78, 'MCK': 7512.69, 'OXY': 29962.36, 'VRTX': 4123.77}",0.67
252,105,0.8,0.005270022,0.027026169,3.032660769,"{'CEG': 16444.51, 'ERIE': 2496.85, 'FSLR': 23072.06, 'LW': 6550.09, 'SMCI': 311132.64}",0.67
378,126,0.9,0.005150287,0.027000128,2.903698302,"{'AZO': 54.03, 'DVN': 16072.17, 'DLTR': 8179.64, 'LLY': 760.83, 'MCK': 11135.62, 'OXY': 43327.95, 'VRTX': 3455.49}",0.66
252,126,0.7,0.00590991,0.026991288,3.353021727,"{'ABBV': 6955.62, 'CF': 3328.04, 'DLTR': 11573.46, 'MCK': 6914.1, 'OXY': 30620.27, 'VRTX': 8155.29}",0.66
252,252,1,0.006332758,0.026978634,3.535937154,"{'AMD': 628.73, 'ANET': 12295.13, 'BLDR': 9315.96, 'DVN': 85351.84, 'FTNT': 14326.35, 'NVDA': 82188.04}",0.66
378,252,0.9,0.005312793,0.026976419,3.078194908,"{'BLDR': 2371.19, 'DVN': 71787.03, 'EXR': 2810.07, 'F': 66090.73, 'FTNT': 40985.77, 'IT': 1445.93, 'MRO': 26408.08, 'NVDA': 20974.21}",0.65
252,231,1,0.005921534,0.026842698,3.388226728,"{'CEG': 35061.85, 'ENPH': 9571.6, 'EQT': 60585.76, 'OXY': 23234.8}",0.65
378,252,0.8,0.005321082,0.02678773,3.116627703,"{'DVN': 77356.78, 'EXR': 3398.31, 'F': 67681.79, 'FTNT': 47294.1, 'IT': 1225.09, 'NVDA': 15714.51}",0.64
252,168,0.7,0.005790591,0.026660797,3.406688687,"{'CEG': 38556.16, 'EQT': 50647.31, 'MCK': 2134.87, 'OXY': 49941.6}",0.64
378,168,0.6,0.005449812,0.02665737,3.161251565,"{'CF': 17181.18, 'CTRA': 52.36, 'DVN': 18046.64, 'EQT': 52867.28, 'MCK': 4029.67, 'OXY': 37754.34, 'SMCI': 36550.32}",0.64
378,189,0.8,0.005151357,0.026622394,3.03819127,"{'ANET': 5137.34, 'CF': 5636.03, 'DVN': 40607.33, 'FTNT': 5098.77, 'MRO': 38633.35, 'NUE': 5391.86, 'NVDA': 34148.82, 'PANW': 3202.1, 'TRGP': 30107.22}",0.63
252,252,0.9,0.006278257,0.026449763,3.57374738,"{'AMD': 25.54, 'ANET': 12824.27, 'BLDR': 9276.82, 'DVN': 85825.31, 'FTNT': 14281.05, 'NVDA': 82057.48}",0.63
378,189,0.7,0.005076556,0.026418961,2.997168773,"{'ANET': 5415.95, 'CF': 5528.06, 'COST': 203.83, 'DVN': 39504.89, 'FTNT': 4722.37, 'MRO': 34819.49, 'NUE': 5335.17, 'NVDA': 32719.41, 'PANW': 3464.22, 'TRGP': 30872.79}",0.62
252,231,0.9,0.005879241,0.026340616,3.459184825,"{'CEG': 35931.53, 'ENPH': 9148.87, 'EQT': 60978.19, 'OXY': 23658.43}",0.62
252,42,0.6,0.006064848,0.026338807,3.594997134,"{'CEG': 34207.84, 'ENPH': 3434.32, 'EQT': 19447.34, 'FSLR': 19651.93, 'OXY': 16565.3}",0.61
378,252,0.7,0.005289147,0.026331422,3.169276584,"{'BLDR': 1147.29, 'DVN': 69629.56, 'EXR': 4500.57, 'F': 67361.91, 'FTNT': 44412.97, 'IT': 1688.16, 'NVDA': 17444.47}",0.61
252,252,0.8,0.006265238,0.026271142,3.591696352,"{'ANET': 13227.0, 'BLDR': 9674.99, 'DVN': 83120.01, 'F': 102.58, 'FTNT': 14450.24, 'IT': 257.72, 'NVDA': 79685.88}",0.61
378,231,0.5,0.005175489,0.026231474,3.012374935,"{'CF': 12392.16, 'COP': 2870.13, 'DVN': 11500.36, 'DLTR': 4939.95, 'ENPH': 2671.72, 'EQT': 27110.03, 'XOM': 11.79, 'GIS': 586.52, 'LLY': 95.57, 'MRO': 13957.17, 'MPC': 3978.85, 'MCK': 4286.96, 'OXY': 25394.62, 'VRTX': 3160.39}",0.6
378,63,0.6,0.005066312,0.026204496,2.962202678,"{'CF': 12155.96, 'COP': 3140.07, 'DVN': 13342.38, 'DLTR': 4078.03, 'ENPH': 2606.74, 'EQT': 28185.92, 'MRO': 18771.22, 'MPC': 3640.27, 'MCK': 3721.22, 'OXY': 26478.69, 'VRTX': 2574.48}",0.6
252,231,0.8,0.005844336,0.026172238,3.463616835,"{'CEG': 29699.51, 'ENPH': 8473.32, 'EQT': 52406.74, 'FSLR': 7192.81, 'OXY': 25297.83}",0.59
378,21,0.5,0.005840824,0.02616843,3.270351379,"{'CAH': 3515.51, 'CEG': 33840.13, 'EQT': 4637.7, 'FICO': 624.82, 'MPC': 6769.32, 'MCK': 2465.68, 'OXY': 17854.31, 'SMCI': 109155.03, 'VLO': 436.69, 'VRTX': 2931.6}",0.59
252,147,0.8,0.005705566,0.026167147,3.557471592,"{'CEG': 16631.13, 'ERIE': 2525.18, 'FSLR': 23333.9, 'LW': 6624.43, 'SMCI': 314663.62}",0.59
378,126,0.8,0.00509936,0.026139233,2.980418037,"{'AZO': 309.09, 'CF': 7071.94, 'DVN': 18821.13, 'DLTR': 8034.37, 'LLY': 2224.25, 'MCK': 7425.13, 'OXY': 32164.59, 'VRTX': 3834.76}",0.58
378,105,0.6,0.00487244,0.02613712,2.801507327,"{'CEG': 43283.77, 'EQT': 2993.68, 'FICO': 325.3, 'MPC': 7081.85, 'MCK': 2213.04, 'OXY': 22334.38, 'SMCI': 126100.67, 'VRTX': 2726.24}",0.58
378,126,0.7,0.005083692,0.026064902,2.976268099,"{'AZO': 345.01, 'CF': 7184.31, 'CTRA': 258.4, 'DVN': 16943.07, 'DLTR': 8013.04, 'LLY': 2496.52, 'MCK': 7443.33, 'OXY': 29685.75, 'VRTX': 4085.7}",0.57
252,63,0.6,0.005400114,0.026041361,3.253995994,"{'CEG': 27735.45, 'ENPH': 7341.14, 'EQT': 47298.29, 'FSLR': 7687.89, 'MPC': 22.31, 'MCK': 1089.24, 'OXY': 23597.33}",0.57
252,84,0.5,0.006032895,0.025887122,3.672785258,"{'CAH': 3342.39, 'CEG': 36603.85, 'EQT': 44613.86, 'MPC': 1095.93, 'MCK': 3021.06, 'OXY': 44277.9}",0.57
378,252,0.6,0.005231222,0.025808599,3.214095034,"{'ANET': 617.43, 'BLDR': 4190.26, 'DVN': 54130.61, 'EXR': 5036.89, 'F': 63512.98, 'FTNT': 34861.87, 'IT': 2287.69, 'MRO': 18708.47, 'NUE': 2839.82, 'NVDA': 22410.06}",0.56
252,168,0.6,0.005696072,0.025786345,3.477603626,"{'CAH': 215.87, 'CEG': 38719.71, 'EQT': 48838.23, 'MCK': 2532.47, 'OXY': 48634.23}",0.56
378,42,0.5,0.005378473,0.025769332,3.168459851,"{'DLTR': 595.71, 'EQT': 17267.59, 'XOM': 1883.21, 'LW': 2742.41, 'MPC': 2025.75, 'MCK': 8702.82, 'OXY': 25696.87, 'SMCI': 186053.41, 'VRTX': 4187.76}",0.55
378,168,0.5,0.005354184,0.025727298,3.229122386,"{'CF': 17420.13, 'DVN': 15457.08, 'EQT': 49901.78, 'MCK': 4871.16, 'OXY': 34900.91, 'SMCI': 54715.6, 'VRTX': 213.98}",0.55
252,21,0.5,0.006305881,0.025721811,3.690201356,"{'CEG': 13046.59, 'ERIE': 3575.87, 'FSLR': 14629.17, 'GPC': 1028.77, 'GILD': 7770.46, 'LW': 11070.29, 'MPC': 1680.96, 'MRK': 2656.92, 'SMCI': 199061.31}",0.54
378,189,0.6,0.005023498,0.025591703,3.074711389,"{'ANET': 5780.43, 'CF': 6828.76, 'COP': 84.7, 'COST': 755.48, 'DVN': 29889.79, 'FTNT': 7488.29, 'MRO': 34535.39, 'MOS': 203.45, 'NUE': 5403.94, 'NVDA': 32464.13, 'PANW': 3933.35, 'PSA': 885.69, 'TRGP': 23435.46}",0.54
252,231,0.7,0.005781431,0.02552005,3.532504133,"{'CEG': 31555.67, 'ENPH': 8165.46, 'EQT': 53984.31, 'FSLR': 6162.6, 'OXY': 25341.68}",0.54
378,147,0.5,0.004881214,0.025504234,2.914518323,"{'CAH': 3794.81, 'CEG': 36528.62, 'EQT': 5006.15, 'FICO': 674.46, 'MPC': 7307.12, 'MCK': 2661.57, 'OXY': 19272.77, 'SMCI': 117827.05, 'VLO': 471.38, 'VRTX': 3164.51}",0.53
252,126,0.6,0.005711978,0.025368075,3.441468044,"{'ABBV': 7515.08, 'BMY': 2295.18, 'CF': 3954.37, 'DLTR': 11189.67, 'MCK': 6782.88, 'OXY': 28121.92, 'VRTX': 7976.15}",0.53
252,147,0.7,0.00561177,0.025297482,3.598652029,"{'CEG': 16468.84, 'ERIE': 3555.84, 'FSLR': 18870.06, 'GILD': 5929.48, 'LW': 10444.09, 'SMCI': 273890.59}",0.52
378,252,0.5,0.005175028,0.025128871,3.301089705,"{'ANET': 1587.23, 'BX': 764.83, 'BLDR': 4372.93, 'CPT': 1149.55, 'DVN': 45695.74, 'EXR': 5431.38, 'F': 59096.69, 'FTNT': 30779.34, 'IT': 2394.62, 'MRO': 15601.6, 'MAA': 780.27, 'NUE': 3535.47, 'NVDA': 21203.37}",0.52
252,105,0.7,0.005075504,0.025009667,3.131801713,"{'CEG': 16277.29, 'ERIE': 3514.49, 'FSLR': 18650.58, 'GILD': 5860.51, 'LW': 10322.62, 'SMCI': 270704.97}",0.52
378,210,0.6,0.004248057,0.024962778,2.571320997,"{'AZO': 376.48, 'CF': 7176.07, 'DVN': 14688.16, 'DLTR': 7892.54, 'EXC': 3122.17, 'LLY': 2741.8, 'MCK': 7451.97, 'OXY': 26883.22, 'PANW': 272.42, 'VRTX': 4321.17}",0.51
378,126,0.6,0.004955549,0.024923661,3.035924577,"{'AZO': 373.14, 'CF': 7112.3, 'DVN': 14557.65, 'DLTR': 7822.41, 'EXC': 3094.42, 'LLY': 2717.44, 'MCK': 7385.76, 'OXY': 26644.34, 'PANW': 270.0, 'VRTX': 4282.78}",0.51
252,252,0.7,0.006147187,0.02490852,3.734443086,"{'AMD': 4643.65, 'ANET': 10182.88, 'BLDR': 11736.88, 'DVN': 53158.19, 'F': 32249.48, 'FTNT': 14687.19, 'IT': 1954.58, 'NVDA': 57818.18, 'PFE': 5137.86}",0.5
252,231,0.6,0.005704739,0.024824018,3.577947678,"{'CEG': 28820.04, 'ENPH': 7628.21, 'EQT': 49147.86, 'FSLR': 7988.53, 'MPC': 23.19, 'MCK': 1131.83, 'OXY': 24520.09}",0.5
252,42,0.5,0.005848245,0.024770275,3.692837034,"{'CEG': 35230.17, 'ENPH': 2532.28, 'EQT': 20473.81, 'FSLR': 19820.45, 'LLY': 180.46, 'OXY': 17327.93}",0.49
378,84,0.4,0.005231574,0.02471324,3.286833198,"{'CF': 15897.18, 'COP': 1822.71, 'CTRA': 7128.07, 'DVN': 13011.48, 'ENPH': 527.45, 'EQT': 41642.97, 'MCK': 4819.53, 'OXY': 28329.72, 'SMCI': 75105.52, 'VRTX': 1555.71}",0.49
252,63,0.5,0.005229014,0.02464754,3.323237614,"{'CEG': 28382.29, 'ENPH': 6749.5, 'EQT': 46563.59, 'FSLR': 7316.39, 'LLY': 242.26, 'MCK': 1535.71, 'OXY': 23006.14}",0.49
252,168,0.5,0.005541839,0.024635485,3.55629924,"{'CAH': 3399.11, 'CEG': 37224.95, 'EQT': 45370.87, 'MPC': 1114.52, 'MCK': 3072.32, 'OXY': 45029.21}",0.48
378,63,0.5,0.004889648,0.024612991,3.056271659,"{'CF': 12057.78, 'COP': 2792.68, 'DVN': 11190.04, 'DLTR': 4806.65, 'ENPH': 2599.63, 'EQT': 26378.51, 'XOM': 11.47, 'GIS': 570.69, 'LLY': 92.99, 'MRO': 13580.56, 'MPC': 3871.49, 'MCK': 4171.28, 'OXY': 24709.39, 'VRTX': 3075.11}",0.48
252,189,0.4,0.005119455,0.024545818,3.278417411,"{'APA': 20119.82, 'ADM': 2455.19, 'ANET': 282.57, 'BKR': 10716.96, 'CF': 11571.14, 'CVX': 2003.35, 'COP': 3610.44, 'DVN': 18080.16, 'DLTR': 2385.22, 'EQT': 3883.96, 'EXC': 3398.73, 'HAL': 8701.75, 'KR': 1732.36, 'MRO': 35506.06, 'MCK': 948.85, 'MOS': 16589.24, 'OXY': 9484.78, 'ON': 4762.81, 'PANW': 936.54, 'TRGP': 5688.78, 'TSLA': 1338.44}",0.47
252,210,1,0.004854154,0.02445422,3.044895535,"{'ABBV': 5693.76, 'CF': 3371.61, 'DLTR': 12039.29, 'MCK': 6774.87, 'OXY': 35752.84, 'VRTX': 8078.93}",0.47
252,147,0.6,0.00551935,0.024430904,3.645386179,"{'CEG': 15787.25, 'ERIE': 3782.22, 'FSLR': 18407.9, 'GILD': 6980.05, 'LW': 11402.8, 'MPC': 320.66, 'MRK': 332.64, 'SMCI': 254778.13}",0.47
378,189,0.5,0.004919931,0.024387822,3.178725212,"{'ANET': 5707.98, 'CF': 6618.96, 'COP': 408.9, 'COST': 928.35, 'DVN': 26715.23, 'EQT': 170.61, 'EXR': 398.98, 'FTNT': 6999.42, 'KR': 1987.86, 'MRO': 30402.62, 'NUE': 5075.64, 'NVDA': 29658.74, 'PANW': 4019.35, 'PLD': 719.13, 'PSA': 1203.8, 'TRGP': 22085.12}",0.46
378,231,0.4,0.00494004,0.024381904,3.106265365,"{'ABBV': 282.72, 'CF': 11763.65, 'COP': 2435.15, 'DVN': 8619.9, 'DLTR': 5466.93, 'ENPH': 2533.56, 'EQT': 23817.56, 'XOM': 576.84, 'GIS': 3750.4, 'LLY': 666.45, 'MRO': 7857.15, 'MPC': 4144.98, 'MCK': 4565.36, 'OXY': 22245.73, 'VRTX': 3558.96}",0.46
252,126,0.5,0.005573341,0.024225144,3.515556568,"{'ABBV': 7933.73, 'BMY': 5038.33, 'CF': 4968.54, 'DLTR': 10514.6, 'LLY': 561.34, 'MCK': 6411.69, 'OXY': 25088.78, 'VRTX': 7532.67}",0.45
252,84,0.4,0.005785169,0.024106905,3.777298109,"{'CAH': 5896.0, 'CEG': 35602.44, 'EQT': 40595.91, 'FSLR': 430.3, 'MPC': 1393.78, 'MCK': 3642.6, 'OXY': 41007.24}",0.45
252,210,0.9,0.004842297,0.024057524,3.093130083,"{'ABBV': 5220.41, 'DLTR': 12201.12, 'MCK': 7331.94, 'OXY': 35206.39, 'VRTX': 8705.0}",0.44
378,21,0.4,0.005545105,0.024006822,3.379323617,"{'AMGN': 325.82, 'CAH': 5753.95, 'CEG': 26558.98, 'EQT': 5891.34, 'XOM': 1909.97, 'FICO': 830.34, 'LW': 2669.94, 'MPC': 6408.12, 'MCK': 2507.36, 'NOC': 40.16, 'OXY': 14561.66, 'SMCI': 97591.3, 'VLO': 1620.06, 'VRTX': 2951.82}",0.44
252,105,0.6,0.004990356,0.023965933,3.217482307,"{'CEG': 15610.56, 'ERIE': 3739.89, 'FSLR': 18201.88, 'GILD': 6901.93, 'LW': 11275.18, 'MPC': 317.07, 'MRK': 328.91, 'SMCI': 251926.72}",0.44
378,126,0.5,0.004857912,0.023849732,3.126922398,"{'ABBV': 1275.03, 'AZO': 390.13, 'CF': 7421.3, 'CTRA': 3917.97, 'DVN': 12519.0, 'DLTR': 7228.92, 'EXC': 7750.3, 'LLY': 2809.3, 'MCK': 6532.33, 'OXY': 22188.17, 'PANW': 1252.29, 'VRTX': 4180.87}",0.43
378,105,0.5,0.004606794,0.023787936,2.916306899,"{'CAH': 3764.02, 'CEG': 36232.28, 'EQT': 4965.54, 'FICO': 668.98, 'MPC': 7247.84, 'MCK': 2639.98, 'OXY': 19116.42, 'SMCI': 116871.16, 'VLO': 467.56, 'VRTX': 3138.84}",0.43
252,21,0.4,0.006035837,0.023714498,3.818661285,"{'CAH': 2961.51, 'CEG': 11337.53, 'ERIE': 3483.4, 'FSLR': 12041.2, 'GIS': 1605.06, 'GPC': 1956.99, 'GILD': 8511.81, 'LW': 10957.76, 'MPC': 2880.68, 'MRK': 4542.99, 'SMCI': 163974.18}",0.42
378,252,0.4,0.004964839,0.023698523,3.392071526,"{'ANET': 2328.7, 'BX': 1610.44, 'BLDR': 4326.52, 'CPT': 2450.16, 'DVN': 38014.49, 'EXR': 5716.25, 'F': 54653.05, 'FTNT': 26684.14, 'IT': 2432.88, 'MRO': 12991.77, 'MAA': 1792.54, 'MRNA': 20.96, 'NUE': 4061.74, 'NVDA': 19451.8}",0.42
378,42,0.4,0.005081616,0.02356825,3.279108669,"{'CF': 23.53, 'CI': 360.18, 'DLTR': 1331.37, 'EQT': 12420.64, 'XOM': 2441.11, 'LW': 5374.06, 'MPC': 2063.41, 'MCK': 9019.12, 'OXY': 21690.86, 'SMCI': 152084.9, 'VRTX': 4545.87}",0.42
252,231,0.5,0.005540877,0.023415762,3.70280007,"{'CEG': 29503.65, 'ENPH': 7016.17, 'EQT': 48403.29, 'FSLR': 7605.46, 'LLY': 251.84, 'MCK': 1596.38, 'OXY': 23915.1}",0.41
252,147,0.5,0.005376371,0.023369472,3.691842857,"{'CEG': 14244.98, 'ERIE': 3904.33, 'FSLR': 15972.93, 'GPC': 1123.26, 'GILD': 8484.21, 'LW': 12087.15, 'MPC': 1835.36, 'MRK': 2900.98, 'SMCI': 217346.04}",0.41
378,147,0.4,0.004618324,0.023284056,3.018017272,"{'AMGN': 350.33, 'CAH': 6186.82, 'CEG': 28556.99, 'EQT': 6334.54, 'XOM': 2053.66, 'FICO': 892.81, 'LW': 2870.8, 'MPC': 6890.2, 'MCK': 2695.99, 'NOC': 43.18, 'OXY': 15657.12, 'SMCI': 104933.02, 'VLO': 1741.94, 'VRTX': 3173.88}",0.4
252,252,0.6,0.005945623,0.02320391,3.864427789,"{'AMD': 4097.82, 'ANET': 10552.15, 'BLDR': 11650.48, 'DVN': 53584.37, 'F': 30845.14, 'FTNT': 14328.42, 'IT': 1939.22, 'NVDA': 57142.21, 'PFE': 6747.55}",0.4
378,168,0.4,0.00499137,0.023178967,3.355080391,"{'CF': 16063.12, 'COP': 1841.74, 'CTRA': 7202.47, 'DVN': 13147.3, 'ENPH': 532.96, 'EQT': 42077.65, 'MCK': 4869.84, 'OXY': 28625.44, 'SMCI': 75889.5, 'VRTX': 1571.95}",0.4
252,210,0.8,0.004759371,0.023154898,3.154399417,"{'ABBV': 6634.9, 'CF': 3905.71, 'DLTR': 11813.22, 'MCK': 6834.09, 'OXY': 32761.91, 'VRTX': 8096.5}",0.39
252,168,0.4,0.005314961,0.023131525,3.629145098,"{'CAH': 5996.73, 'CEG': 36210.69, 'EQT': 41289.47, 'FSLR': 437.65, 'MPC': 1417.59, 'MCK': 3704.83, 'OXY': 41707.82}",0.39
252,42,0.4,0.005609494,0.023004339,3.809828295,"{'CEG': 30552.37, 'ENPH': 2612.48, 'EQT': 21070.18, 'FSLR': 18059.61, 'LLY': 1549.04, 'MCK': 140.64, 'MRK': 15.32, 'OXY': 16366.59, 'SMCI': 26750.78}",0.38
378,63,0.4,0.004629259,0.022722254,3.141104087,"{'ABBV': 275.22, 'CF': 11451.52, 'COP': 2370.54, 'DVN': 8391.19, 'DLTR': 5321.88, 'ENPH': 2466.34, 'EQT': 23185.62, 'XOM': 561.54, 'GIS': 3650.89, 'LLY': 648.77, 'MRO': 7648.68, 'MPC': 4035.01, 'MCK': 4444.23, 'OXY': 21655.49, 'VRTX': 3464.53}",0.38
252,63,0.4,0.004974284,0.022659414,3.430250215,"{'CAH': 2463.72, 'CEG': 27537.53, 'ENPH': 5582.98, 'EQT': 42851.14, 'FSLR': 6647.53, 'HUM': 314.0, 'LLY': 859.81, 'MPC': 377.0, 'MCK': 2179.68, 'OXY': 21014.44}",0.37
378,210,0.5,0.004007992,0.022587072,2.699601086,"{'ABBV': 1287.28, 'AZO': 393.88, 'CF': 7492.6, 'CTRA': 3955.62, 'DVN': 12639.28, 'DLTR': 7298.37, 'EXC': 7824.77, 'LLY': 2836.29, 'MCK': 6595.09, 'OXY': 22401.35, 'PANW': 1264.32, 'VRTX': 4221.04}",0.37
252,210,0.7,0.004723332,0.022551353,3.222119089,"{'ABBV': 7043.11, 'CF': 3369.9, 'DLTR': 11719.03, 'MCK': 7001.07, 'OXY': 31005.42, 'VRTX': 8257.87}",0.37
252,105,0.5,0.004832801,0.022544756,3.308181997,"{'CEG': 14083.13, 'ERIE': 3859.97, 'FSLR': 15791.45, 'GPC': 1110.5, 'GILD': 8387.82, 'LW': 11949.82, 'MPC': 1814.51, 'MRK': 2868.02, 'SMCI': 214876.64}",0.36
378,189,0.4,0.004631749,0.022421471,3.25413322,"{'ABBV': 677.74, 'ANET': 5099.3, 'CPT': 609.52, 'CF': 6173.62, 'COP': 1831.44, 'COST': 1012.18, 'DVN': 20468.44, 'EQT': 125.85, 'EXC': 1149.28, 'EXR': 1196.93, 'FTNT': 6596.72, 'KR': 5120.1, 'LLY': 237.5, 'MRO': 25650.51, 'MCK': 234.44, 'MOS': 1749.68, 'NUE': 4383.86, 'NVDA': 25243.64, 'PANW': 3758.57, 'PLD': 1675.54, 'PSA': 1391.77, 'TRGP': 17442.72}",0.36
252,126,0.4,0.005326707,0.022320814,3.645479699,"{'ABBV': 8892.74, 'BMY': 4701.87, 'CF': 2156.56, 'DLTR': 10430.91, 'MCK': 7287.95, 'OXY': 21437.66, 'VRTX': 8412.8}",0.35
378,126,0.4,0.004621602,0.022300798,3.185436846,"{'ABBV': 2659.43, 'AZO': 375.41, 'CF': 7493.27, 'CTRA': 8172.57, 'DVN': 10658.49, 'DLTR': 6288.31, 'EXC': 10912.29, 'GIS': 21.72, 'LLY': 2669.73, 'MCK': 5272.76, 'OXY': 17447.85, 'PANW': 2113.79, 'PFE': 5024.36, 'PWR': 406.59, 'VRTX': 3772.18, 'WRB': 4773.51}",0.35
252,252,0.5,0.005822432,0.022198754,3.95947448,"{'AMD': 3995.34, 'ANET': 10275.6, 'BLDR': 11478.24, 'CPT': 214.78, 'DVN': 49639.09, 'EXR': 642.28, 'F': 32348.42, 'FTNT': 13533.61, 'IT': 2041.85, 'NVDA': 52720.65, 'PFE': 9812.57}",0.35
252,84,0.3,0.005432037,0.021802251,3.946023889,"{'CAH': 9023.58, 'CEG': 33124.17, 'EQT': 34074.81, 'FSLR': 922.54, 'LW': 3326.48, 'MPC': 1736.66, 'MCK': 4435.0, 'OXY': 35677.6}",0.34
378,84,0.3,0.004765098,0.021740536,3.409155139,"{'CNC': 33.91, 'CF': 15831.96, 'COP': 117.56, 'ED': 2935.8, 'DVN': 8034.43, 'ENPH': 494.1, 'EQT': 37072.77, 'GIS': 3888.79, 'MCK': 5835.54, 'OXY': 24686.86, 'PANW': 88.82, 'SMCI': 69607.51, 'VRTX': 2437.8}",0.34
378,105,0.4,0.004336603,0.021708444,3.016020235,"{'AMGN': 347.46, 'CAH': 6136.15, 'CEG': 28323.13, 'EQT': 6282.66, 'XOM': 2036.84, 'FICO': 885.5, 'LW': 2847.29, 'MPC': 6833.77, 'MCK': 2673.91, 'NOC': 42.83, 'OXY': 15528.91, 'SMCI': 104073.71, 'VLO': 1727.68, 'VRTX': 3147.89}",0.33
252,210,0.6,0.004656422,0.02165519,3.316502121,"{'ABBV': 7607.03, 'BMY': 2323.26, 'CF': 4002.75, 'DLTR': 11326.57, 'MCK': 6865.86, 'OXY': 28465.97, 'VRTX': 8073.73}",0.33
252,147,0.4,0.005144995,0.021628833,3.782898168,"{'CAH': 3231.29, 'CEG': 12370.34, 'ERIE': 3800.73, 'FSLR': 13138.12, 'GIS': 1751.27, 'GPC': 2135.27, 'GILD': 9287.21, 'LW': 11955.98, 'MPC': 3143.1, 'MRK': 4956.84, 'SMCI': 178911.69}",0.32
252,231,0.4,0.005290617,0.021614575,3.835327537,"{'CAH': 2560.5, 'CEG': 28619.27, 'ENPH': 5802.29, 'EQT': 44534.43, 'FSLR': 6908.66, 'HUM': 326.34, 'LLY': 893.59, 'MPC': 391.81, 'MCK': 2265.3, 'OXY': 21839.94}",0.32
378,21,0.3,0.005123899,0.021356124,3.505798454,"{'ABBV': 1090.28, 'AMGN': 1083.56, 'BMY': 2824.49, 'CAH': 6175.39, 'CEG': 19752.6, 'EQT': 4514.16, 'XOM': 2591.37, 'FICO': 805.16, 'FSLR': 993.98, 'GIS': 2201.65, 'LW': 4089.07, 'LLY': 19.33, 'MPC': 5455.92, 'MCK': 2282.04, 'MRK': 65.66, 'NOC': 348.83, 'OXY': 10866.93, 'PGR': 172.72, 'SMCI': 76210.16, 'VLO': 1921.64, 'VRTX': 2647.08}",0.32
378,231,0.3,0.004458601,0.021302436,3.20581188,"{'ABBV': 2143.73, 'AZO': 64.58, 'CF': 10476.99, 'CI': 394.29, 'COP': 1708.7, 'DVN': 4842.0, 'DLTR': 5566.37, 'ENPH': 2212.27, 'EQT': 18660.73, 'XOM': 1085.68, 'GIS': 6766.06, 'HSY': 583.52, 'LLY': 1151.28, 'MRO': 157.23, 'MPC': 4034.91, 'MCK': 4610.38, 'MRK': 57.92, 'NOC': 168.17, 'OXY': 17659.96, 'VLO': 21.03, 'VRTX': 3758.84}",0.31
252,252,0.4,0.005705812,0.021211207,4.073046513,"{'AMD': 3725.37, 'ANET': 9541.61, 'BLDR': 10787.27, 'CPT': 1240.99, 'COST': 241.42, 'DVN': 43554.19, 'EXR': 1278.98, 'F': 32764.95, 'FTNT': 12007.33, 'IT': 2049.45, 'NVDA': 45824.52, 'PANW': 715.21, 'PFE': 12675.18, 'RVTY': 39.9}",0.31
252,21,0.3,0.00562955,0.021193086,3.979277179,"{'CPB': 1362.38, 'CAH': 4088.44, 'CI': 325.33, 'CEG': 9647.38, 'ERIE': 3410.57, 'FSLR': 10541.74, 'GIS': 3613.62, 'GPC': 2228.87, 'GILD': 8833.87, 'LW': 10920.1, 'MPC': 3154.41, 'MRK': 5640.07, 'MNST': 772.81, 'SMCI': 134200.55}",0.3
252,189,0.3,0.004635864,0.021171845,3.451767887,"{'ABBV': 872.45, 'AON': 411.01, 'APA': 14120.38, 'ADM': 3363.23, 'ANET': 1184.85, 'BKR': 10821.59, 'BG': 665.45, 'CF': 8772.31, 'CVX': 2335.86, 'COP': 3658.91, 'COST': 117.45, 'CTRA': 4741.38, 'DVN': 12823.73, 'DLTR': 2475.19, 'EQT': 5373.55, 'EXC': 6184.01, 'HAL': 8575.91, 'KR': 4333.78, 'LYV': 53.72, 'MRO': 26371.42, 'MCK': 1163.51, 'MOS': 12068.3, 'NEM': 1787.53, 'NUE': 456.64, 'OXY': 7664.19, 'ON': 4782.47, 'PANW': 1398.86, 'TRGP': 5250.52, 'TSLA': 1249.82, 'VRTX': 13.3}",0.3
378,42,0.3,0.004707459,0.021104578,3.390520501,"{'ABBV': 1348.05, 'BMY': 2393.9, 'CAH': 5122.56, 'CF': 2928.23, 'CVX': 663.83, 'CI': 1319.22, 'DLTR': 2843.85, 'EQT': 11552.07, 'XOM': 4480.4, 'GIS': 51.23, 'LW': 7395.78, 'LLY': 604.09, 'MPC': 3680.82, 'MCK': 5309.62, 'OXY': 14133.84, 'SMCI': 118935.91, 'VRTX': 3474.4}",0.3
252,105,0.4,0.004662582,0.020988689,3.430491122,"{'CAH': 3193.66, 'CEG': 12226.29, 'ERIE': 3756.47, 'FSLR': 12985.12, 'GIS': 1730.88, 'GPC': 2110.4, 'GILD': 9179.05, 'LW': 11816.75, 'MPC': 3106.5, 'MRK': 4899.12, 'SMCI': 176828.23}",0.29
378,252,0.3,0.004473382,0.020935309,3.485041909,"{'ANET': 2802.3, 'AZO': 18.71, 'BX': 2197.68, 'BLDR': 3975.15, 'CPT': 3518.48, 'DVN': 30702.01, 'EPAM': 4.02, 'EXR': 5836.32, 'F': 49971.38, 'FTNT': 22256.18, 'IT': 2374.42, 'IRM': 3496.72, 'KKR': 183.36, 'MRO': 11017.81, 'MAA': 2614.08, 'MRNA': 230.76, 'NUE': 4397.19, 'NVDA': 16978.43, 'PLD': 13.56, 'WST': 24.97}",0.29
252,210,0.5,0.004553977,0.020826899,3.379342929,"{'ABBV': 8023.4, 'BMY': 5095.28, 'CF': 5024.7, 'DLTR': 10633.44, 'LLY': 567.68, 'MCK': 6484.17, 'OXY': 25372.37, 'VRTX': 7617.81}",0.28
252,42,0.3,0.005266764,0.020769336,3.95799337,"{'AZO': 61.76, 'CAH': 2180.55, 'CF': 5.97, 'CI': 894.36, 'CEG': 17533.9, 'ENPH': 3102.36, 'EQT': 16618.48, 'ERIE': 1000.51, 'FSLR': 12019.56, 'GPC': 1792.67, 'GILD': 1243.06, 'HUM': 6.66, 'HII': 121.15, 'LLY': 1636.21, 'MPC': 2584.16, 'MCK': 974.96, 'MRK': 3253.19, 'OXY': 11367.31, 'ROL': 18.07, 'SMCI': 56410.23, 'VLO': 258.5}",0.28
252,168,0.3,0.004920404,0.020612542,3.795970008,"{'CAH': 9182.58, 'CEG': 33707.83, 'EQT': 34675.22, 'FSLR': 938.79, 'LW': 3385.09, 'MPC': 1767.26, 'MCK': 4513.14, 'OXY': 36306.25}",0.28
378,210,0.4,0.003755375,0.020534776,2.791740195,"{'ABBV': 2682.11, 'AZO': 378.61, 'CF': 7557.17, 'CTRA': 8242.27, 'DVN': 10749.39, 'DLTR': 6341.93, 'EXC': 11005.35, 'GIS': 21.91, 'LLY': 2692.5, 'MCK': 5317.73, 'OXY': 17596.64, 'PANW': 2131.81, 'PFE': 5067.21, 'PWR': 410.06, 'VRTX': 3804.35, 'WRB': 4814.22}",0.27
378,147,0.3,0.004189359,0.02040453,3.117953291,"{'ABBV': 1173.03, 'AMGN': 1165.8, 'BMY': 3038.85, 'CAH': 6644.06, 'CEG': 21251.65, 'EQT': 4856.75, 'XOM': 2788.04, 'FICO': 866.26, 'FSLR': 1069.41, 'GIS': 2368.74, 'LW': 4399.4, 'LLY': 20.8, 'MPC': 5869.98, 'MCK': 2455.23, 'MRK': 70.64, 'NOC': 375.3, 'OXY': 11691.64, 'PGR': 185.83, 'SMCI': 81993.87, 'VLO': 2067.47, 'VRTX': 2847.97}",0.27
378,63,0.3,0.004267903,0.020394425,3.233914229,"{'ABBV': 2083.72, 'AZO': 62.78, 'CF': 10183.7, 'CI': 383.25, 'COP': 1660.87, 'DVN': 4706.46, 'DLTR': 5410.55, 'ENPH': 2150.35, 'EQT': 18138.35, 'XOM': 1055.29, 'GIS': 6576.65, 'HSY': 567.19, 'LLY': 1119.06, 'MRO': 152.83, 'MPC': 3921.96, 'MCK': 4481.32, 'MRK': 56.3, 'NOC': 163.47, 'OXY': 17165.59, 'VLO': 20.44, 'VRTX': 3653.61}",0.26
378,168,0.3,0.004581706,0.020391378,3.505516576,"{'CNC': 34.31, 'CF': 16020.63, 'COP': 118.96, 'ED': 2970.79, 'DVN': 8130.18, 'ENPH': 499.99, 'EQT': 37514.59, 'GIS': 3935.13, 'MCK': 5905.09, 'OXY': 24981.07, 'PANW': 89.88, 'SMCI': 70437.05, 'VRTX': 2466.85}",0.26
252,63,0.3,0.00459982,0.020224998,3.563911549,"{'BMY': 304.16, 'CAH': 6217.5, 'CF': 2254.54, 'CEG': 21141.48, 'ENPH': 4268.1, 'EQT': 31897.26, 'ERIE': 1068.3, 'FSLR': 6727.44, 'GIS': 530.14, 'HUM': 870.27, 'LLY': 1558.62, 'MPC': 2529.59, 'MCK': 2408.41, 'OXY': 16596.74, 'TMUS': 466.96, 'VLO': 109.68}",0.25
378,126,0.3,0.004274492,0.020132283,3.267058709,"{'ABBV': 3221.78, 'AZO': 324.53, 'CF': 6952.78, 'ED': 2319.28, 'CTRA': 10089.19, 'DVN': 8548.46, 'DLTR': 5067.0, 'EQT': 1343.85, 'EXC': 11467.41, 'GIS': 2900.71, 'HSY': 958.76, 'LLY': 2302.66, 'MCK': 3959.61, 'MRK': 1421.75, 'NOC': 80.6, 'OXY': 12910.64, 'PANW': 2480.9, 'PFE': 7630.71, 'PGR': 9.5, 'PWR': 1488.55, 'VRTX': 3140.38, 'WRB': 7065.71}",0.25
252,126,0.3,0.004988096,0.02009114,3.800204861,"{'ABBV': 8231.24, 'BMY': 9362.4, 'CF': 6277.43, 'ED': 889.77, 'DLTR': 8816.56, 'EQT': 794.64, 'GIS': 1.08, 'LW': 927.98, 'LLY': 1391.03, 'LMT': 583.92, 'MCK': 5407.14, 'TAP': 3089.74, 'OXY': 18256.87, 'VRTX': 6429.9}",0.25
378,189,0.3,0.004286608,0.019975666,3.388150963,"{'ABBV': 1624.42, 'APA': 36.46, 'ADM': 432.45, 'ANET': 4332.77, 'BX': 129.12, 'BRO': 1122.9, 'CPT': 1317.14, 'CF': 5419.62, 'COP': 2346.58, 'COST': 1006.71, 'DVN': 15281.85, 'EQT': 1487.29, 'EXC': 4517.06, 'EXR': 1558.14, 'FTNT': 5468.74, 'KR': 6731.38, 'LLY': 693.06, 'MRO': 20346.44, 'MCK': 663.56, 'MOS': 2148.4, 'NUE': 3565.18, 'NVDA': 20078.53, 'PANW': 3379.29, 'PFE': 2196.5, 'PLD': 2093.25, 'PSA': 1440.28, 'TRGP': 13700.53}",0.24
252,210,0.4,0.004512656,0.019930596,3.524415086,"{'ABBV': 8983.77, 'BMY': 4750.0, 'CF': 2178.63, 'DLTR': 10537.69, 'MCK': 7362.56, 'OXY': 21657.1, 'VRTX': 8498.92}",0.24
252,147,0.3,0.004833676,0.019441179,3.917408249,"{'CPB': 1485.74, 'CAH': 4458.64, 'CI': 354.79, 'CEG': 10520.94, 'ERIE': 3719.39, 'FSLR': 11496.28, 'GIS': 3940.82, 'GPC': 2430.69, 'GILD': 9633.77, 'LW': 11908.9, 'MPC': 3440.04, 'MRK': 6150.76, 'MNST': 842.79, 'SMCI': 146352.19}",0.23
252,231,0.3,0.004932331,0.019328467,3.969531388,"{'BMY': 315.74, 'CAH': 6454.29, 'CF': 2340.4, 'CEG': 21946.65, 'ENPH': 4430.65, 'EQT': 33112.06, 'ERIE': 1108.98, 'FSLR': 6983.66, 'GIS': 550.33, 'HUM': 903.41, 'LLY': 1617.98, 'MPC': 2625.93, 'MCK': 2500.13, 'OXY': 17228.83, 'TMUS': 484.74, 'VLO': 113.85}",0.23
252,252,0.3,0.005451396,0.019319606,4.307179579,"{'AMD': 3595.06, 'ANET': 7153.17, 'BLDR': 8630.94, 'CPT': 2179.54, 'COST': 583.49, 'DVN': 30430.87, 'DPZ': 144.7, 'EXR': 1817.28, 'F': 30956.13, 'FTNT': 9206.29, 'IT': 1814.73, 'INTU': 328.04, 'LLY': 502.53, 'MAA': 1001.26, 'MRNA': 110.52, 'NVDA': 33116.53, 'PANW': 1757.68, 'PFE': 12822.43, 'PLD': 878.2, 'RVTY': 1292.57, 'TRGP': 69.38, 'WST': 61.11, 'ZTS': 30.59}",0.23
378,105,0.3,0.003994418,0.019281903,3.122569961,"{'ABBV': 1163.45, 'AMGN': 1156.29, 'BMY': 3014.05, 'CAH': 6589.84, 'CEG': 21078.25, 'EQT': 4817.12, 'XOM': 2765.29, 'FICO': 859.19, 'FSLR': 1060.69, 'GIS': 2349.41, 'LW': 4363.5, 'LLY': 20.63, 'MPC': 5822.09, 'MCK': 2435.19, 'MRK': 70.06, 'NOC': 372.24, 'OXY': 11596.24, 'PGR': 184.31, 'SMCI': 81324.86, 'VLO': 2050.61, 'VRTX': 2824.74}",0.22
252,105,0.3,0.004346353,0.018797698,3.587421577,"{'CPB': 1468.51, 'CAH': 4406.93, 'CI': 350.68, 'CEG': 10398.92, 'ERIE': 3676.26, 'FSLR': 11362.94, 'GIS': 3895.12, 'GPC': 2402.5, 'GILD': 9522.04, 'LW': 11770.79, 'MPC': 3400.14, 'MRK': 6079.43, 'MNST': 833.02, 'SMCI': 144654.83}",0.22
378,210,0.3,0.003473745,0.018322,2.894009813,"{'ABBV': 3251.06, 'AZO': 327.48, 'CF': 7015.95, 'ED': 2340.36, 'CTRA': 10180.86, 'DVN': 8626.14, 'DLTR': 5113.04, 'EQT': 1356.06, 'EXC': 11571.61, 'GIS': 2927.07, 'HSY': 967.47, 'LLY': 2323.58, 'MCK': 3995.59, 'MRK': 1434.66, 'NOC': 81.33, 'OXY': 13027.95, 'PANW': 2503.44, 'PFE': 7700.05, 'PGR': 9.59, 'PWR': 1502.07, 'VRTX': 3168.91, 'WRB': 7129.91}",0.21
252,210,0.3,0.004280798,0.018311109,3.663056337,"{'ABBV': 8306.81, 'BMY': 9448.36, 'CF': 6335.06, 'ED': 897.94, 'DLTR': 8897.51, 'EQT': 801.94, 'GIS': 1.09, 'LW': 936.5, 'LLY': 1403.8, 'LMT': 589.28, 'MCK': 5456.79, 'TAP': 3118.11, 'OXY': 18424.49, 'VRTX': 6488.93}",0.21
252,84,0.2,0.004626349,0.017770558,4.120742744,"{'AMGN': 57.5, 'BMY': 71.39, 'CPB': 3715.32, 'CAH': 8726.16, 'CI': 329.8, 'ED': 1257.11, 'CEG': 19487.73, 'CTVA': 646.43, 'EQT': 20391.6, 'XOM': 3323.95, 'FSLR': 3447.55, 'GIS': 2583.79, 'HSY': 633.85, 'HES': 32.92, 'K': 5514.38, 'LW': 5555.65, 'LMT': 55.42, 'MPC': 3618.48, 'MCK': 2986.3, 'MRK': 1524.83, 'NOC': 155.09, 'OXY': 20751.2, 'PGR': 619.72, 'SRE': 2726.4, 'SO': 920.18, 'VLO': 2373.02, 'VRTX': 959.95}",0.2
252,21,0.2,0.004948013,0.017607323,4.196788688,"{'AMGN': 626.27, 'CPB': 4431.97, 'CAH': 4534.91, 'CI': 454.75, 'CEG': 7052.12, 'ERIE': 3207.02, 'XOM': 11.71, 'FSLR': 8778.47, 'GIS': 5208.07, 'GPC': 2215.58, 'GILD': 8720.38, 'HUBB': 41.85, 'K': 2331.64, 'LW': 10540.68, 'LLY': 248.78, 'MPC': 3092.37, 'MCK': 71.6, 'MRK': 6553.64, 'MNST': 2565.26, 'SMCI': 94841.8, 'VLO': 139.62}",0.2
378,84,0.2,0.00395696,0.017578388,3.513093733,"{'ABBV': 229.69, 'AZO': 46.26, 'CHRW': 452.5, 'CAH': 2111.99, 'CNC': 1823.5, 'CF': 13318.67, 'ED': 6035.92, 'DVN': 3627.71, 'ENPH': 594.63, 'EQT': 26344.44, 'EXC': 1167.67, 'XOM': 299.91, 'GIS': 7891.64, 'HSY': 1133.87, 'K': 112.75, 'MPC': 211.75, 'MCK': 5253.3, 'NOC': 12.3, 'OXY': 16967.26, 'PANW': 1160.34, 'PGR': 394.25, 'SO': 520.85, 'SMCI': 54110.61, 'VRTX': 2886.03}",0.2
378,21,0.2,0.004358274,0.017464126,3.632360263,"{'ABBV': 1949.51, 'AMGN': 1332.69, 'ACGL': 1129.84, 'AZO': 14.62, 'BMY': 4478.93, 'CPB': 4059.67, 'CAH': 5067.17, 'COR': 283.4, 'CVX': 832.92, 'CI': 428.71, 'CEG': 10781.9, 'EQT': 3260.17, 'XOM': 2710.23, 'FICO': 619.32, 'FSLR': 1712.06, 'GIS': 3621.67, 'GILD': 1270.5, 'HSY': 382.68, 'IBM': 32.19, 'K': 612.47, 'LW': 4073.74, 'LLY': 498.7, 'LMT': 432.49, 'MPC': 3740.86, 'MCK': 1590.25, 'MRK': 2279.61, 'NOC': 500.33, 'ORLY': 19.31, 'OXY': 6533.73, 'PGR': 1301.83, 'SRE': 1.47, 'SJM': 93.22, 'SMCI': 48346.04, 'VLO': 1955.06, 'VRTX': 1854.5, 'WRB': 487.5}",0.19
378,231,0.2,0.003697901,0.017242649,3.300661584,"{'ABBV': 3260.2, 'AZO': 121.55, 'BMY': 1948.95, 'CAH': 113.76, 'CF': 7525.67, 'CVX': 918.98, 'CI': 733.61, 'COP': 1657.22, 'ED': 827.56, 'CTVA': 515.92, 'DVN': 2526.35, 'DLTR': 4254.97, 'ENPH': 1687.13, 'EQT': 11176.44, 'ERIE': 121.4, 'XOM': 2429.5, 'FSLR': 1091.45, 'GIS': 7313.63, 'HSY': 1446.97, 'K': 1504.76, 'LLY': 1289.67, 'MPC': 3606.94, 'MCK': 3250.81, 'MRK': 2521.17, 'NOC': 587.84, 'OXY': 10780.26, 'PGR': 1141.31, 'VLO': 1217.35, 'VRTX': 2889.32, 'WRB': 4155.01}",0.19
252,42,0.2,0.004573666,0.017102139,4.177336391,"{'AMGN': 865.85, 'AZO': 90.61, 'CPB': 54.39, 'CAH': 2815.06, 'CF': 27.43, 'CI': 1030.75, 'CEG': 15483.87, 'DG': 63.1, 'ENPH': 1690.67, 'EQT': 11457.88, 'ERIE': 1463.96, 'FSLR': 11046.25, 'GIS': 652.87, 'GPC': 2145.05, 'GILD': 3127.68, 'HUM': 196.56, 'HII': 337.22, 'K': 52.56, 'LW': 207.8, 'LLY': 1916.63, 'MPC': 2454.36, 'MCK': 1234.06, 'MRK': 5651.61, 'NOC': 40.54, 'OXY': 8677.16, 'ROL': 835.46, 'SMCI': 20938.57, 'VLO': 100.32}",0.18
378,252,0.2,0.003681075,0.017040107,3.54390045,"{'GOOGL': 108.23, 'GOOG': 122.5, 'ANET': 2593.18, 'AZO': 131.46, 'AVB': 46.99, 'BX': 2488.74, 'BLDR': 3399.86, 'CPT': 2773.33, 'CF': 77.33, 'DVN': 16313.05, 'FANG': 2158.7, 'EPAM': 339.95, 'EXR': 3313.14, 'F': 30540.66, 'FTNT': 10574.73, 'IT': 1508.53, 'INVH': 951.52, 'IRM': 6924.0, 'JCI': 1195.07, 'KKR': 2151.98, 'KR': 648.95, 'LLY': 570.14, 'MRO': 20249.35, 'MAA': 2086.63, 'MRNA': 1135.09, 'NUE': 3573.7, 'NVDA': 13377.09, 'ODFL': 849.48, 'ON': 2312.95, 'PFE': 5699.62, 'PLD': 1500.31, 'PSA': 780.51, 'TRGP': 1443.35, 'TSCO': 8.51, 'UDR': 74.77, 'WST': 432.57}",0.18
252,189,0.2,0.003946883,0.017007864,3.684160782,"{'ABBV': 1635.86, 'AON': 691.04, 'APA': 8267.63, 'ADM': 3689.85, 'ANET': 1489.39, 'BKR': 9535.25, 'BG': 1056.06, 'CF': 7546.47, 'CVX': 2487.28, 'COP': 3049.82, 'ED': 1536.65, 'COST': 318.66, 'CTRA': 2847.88, 'DVN': 9052.21, 'DLTR': 2548.36, 'EIX': 98.47, 'EQT': 2885.5, 'EXC': 8325.91, 'HAL': 5834.94, 'JNPR': 964.23, 'KR': 5796.31, 'LYV': 449.35, 'MRO': 19102.57, 'MCK': 1359.85, 'MOS': 9200.89, 'NEM': 3500.32, 'NI': 807.5, 'NUE': 347.66, 'OXY': 4399.66, 'ON': 4227.29, 'PANW': 1661.74, 'PFE': 3460.85, 'PCG': 4012.87, 'PLD': 419.65, 'PSA': 40.43, 'PWR': 15.06, 'TRGP': 4360.1, 'TSLA': 1226.43, 'VRTX': 540.83}",0.18
378,42,0.2,0.003917764,0.016952712,3.544995789,"{'ABBV': 2531.29, 'AMGN': 998.74, 'ADM': 552.18, 'AZO': 73.99, 'BMY': 5069.2, 'CPB': 3548.41, 'CAH': 4863.52, 'CF': 2803.55, 'CVX': 1437.41, 'CI': 1111.74, 'CTVA': 2706.8, 'DLTR': 2347.08, 'ENPH': 190.94, 'EQT': 6525.09, 'XOM': 3785.1, 'GIS': 2983.12, 'GPC': 353.44, 'HSY': 767.6, 'K': 2646.56, 'LW': 5838.67, 'LLY': 873.64, 'LMT': 121.9, 'MPC': 2968.76, 'MCK': 2912.24, 'MRK': 1434.17, 'NOC': 22.55, 'OXY': 7732.46, 'PGR': 698.58, 'REGN': 217.67, 'SMCI': 66358.89, 'VRTX': 2210.24, 'WRB': 3541.45}",0.17
252,63,0.2,0.003971066,0.016919224,3.705762529,"{'BMY': 3380.77, 'CAH': 6969.94, 'CF': 2750.39, 'CEG': 15119.27, 'CTVA': 1625.44, 'ENPH': 2865.39, 'EQT': 21045.14, 'ERIE': 1833.58, 'FSLR': 5857.69, 'GIS': 3917.92, 'HUM': 1010.42, 'K': 3678.95, 'LW': 706.62, 'LLY': 1642.83, 'MPC': 2924.27, 'MCK': 2241.64, 'MRK': 1484.29, 'MOH': 36.69, 'NOC': 4.04, 'OXY': 11578.24, 'TMUS': 1528.31, 'VLO': 1265.9, 'VRTX': 525.52, 'WRB': 714.08}",0.17
378,147,0.2,0.003543478,0.01679034,3.208769065,"{'ABBV': 2086.21, 'AMGN': 1426.14, 'ACGL': 1209.07, 'AZO': 15.65, 'BMY': 4792.99, 'CPB': 4344.34, 'CAH': 5422.49, 'COR': 303.27, 'CVX': 891.33, 'CI': 458.77, 'CEG': 11537.94, 'EQT': 3488.78, 'XOM': 2900.27, 'FICO': 662.75, 'FSLR': 1832.11, 'GIS': 3875.63, 'GILD': 1359.59, 'HSY': 409.52, 'IBM': 34.44, 'K': 655.42, 'LW': 4359.39, 'LLY': 533.66, 'LMT': 462.81, 'MPC': 4003.17, 'MCK': 1701.76, 'MRK': 2439.46, 'NOC': 535.41, 'ORLY': 20.67, 'OXY': 6991.88, 'PGR': 1393.12, 'SRE': 1.57, 'SJM': 99.76, 'SMCI': 51736.11, 'VLO': 2092.16, 'VRTX': 1984.54, 'WRB': 521.68}",0.16
252,126,0.2,0.004349372,0.016758469,3.998632596,"{'ABBV': 7930.82, 'AMGN': 905.55, 'BMY': 10346.47, 'CF': 5472.19, 'ED': 2464.72, 'DLTR': 7265.4, 'GIS': 1644.3, 'HSY': 16.05, 'K': 3134.44, 'LW': 1815.29, 'LLY': 1365.63, 'LMT': 935.34, 'MCK': 4712.64, 'TAP': 4226.79, 'OXY': 12415.48, 'PFE': 1705.59, 'VRTX': 5666.45, 'WRB': 1232.79}",0.16
252,168,0.2,0.004146627,0.016720241,3.909900353,"{'AMGN': 58.47, 'BMY': 72.6, 'CPB': 3778.28, 'CAH': 8874.04, 'CI': 335.39, 'ED': 1278.42, 'CEG': 19817.98, 'CTVA': 657.39, 'EQT': 20737.17, 'XOM': 3380.28, 'FSLR': 3505.97, 'GIS': 2627.58, 'HSY': 644.59, 'HES': 33.47, 'K': 5607.83, 'LW': 5649.8, 'LMT': 56.36, 'MPC': 3679.8, 'MCK': 3036.91, 'MRK': 1550.67, 'NOC': 157.72, 'OXY': 21102.86, 'PGR': 630.22, 'SRE': 2772.6, 'SO': 935.77, 'VLO': 2413.24, 'VRTX': 976.22}",0.15
378,63,0.2,0.00350986,0.01664486,3.29929084,"{'ABBV': 3181.04, 'AZO': 118.6, 'BMY': 1901.63, 'CAH': 110.99, 'CF': 7342.94, 'CVX': 896.67, 'CI': 715.8, 'COP': 1616.99, 'ED': 807.47, 'CTVA': 503.4, 'DVN': 2465.01, 'DLTR': 4151.65, 'ENPH': 1646.16, 'EQT': 10905.08, 'ERIE': 118.45, 'XOM': 2370.51, 'FSLR': 1064.95, 'GIS': 7136.05, 'HSY': 1411.83, 'K': 1468.23, 'LLY': 1258.36, 'MPC': 3519.36, 'MCK': 3171.88, 'MRK': 2459.96, 'NOC': 573.56, 'OXY': 10518.51, 'PGR': 1113.6, 'VLO': 1187.79, 'VRTX': 2819.17, 'WRB': 4054.12}",0.15
252,147,0.2,0.004318219,0.016500284,4.079230118,"{'AMGN': 679.44, 'CPB': 4808.24, 'CAH': 4919.92, 'CI': 493.36, 'CEG': 7650.83, 'ERIE': 3479.29, 'XOM': 12.7, 'FSLR': 9523.74, 'GIS': 5650.22, 'GPC': 2403.68, 'GILD': 9460.72, 'HUBB': 45.4, 'K': 2529.59, 'LW': 11435.57, 'LLY': 269.9, 'MPC': 3354.91, 'MCK': 77.68, 'MRK': 7110.03, 'MNST': 2783.05, 'SMCI': 102893.69, 'VLO': 151.48}",0.15
252,231,0.2,0.004393026,0.016359824,4.147284218,"{'BMY': 3500.06, 'CAH': 7215.88, 'CF': 2847.43, 'CEG': 15652.75, 'CTVA': 1682.8, 'ENPH': 2966.49, 'EQT': 21787.72, 'ERIE': 1898.27, 'FSLR': 6064.38, 'GIS': 4056.16, 'HUM': 1046.07, 'K': 3808.76, 'LW': 731.55, 'LLY': 1700.79, 'MPC': 3027.45, 'MCK': 2320.73, 'MRK': 1536.67, 'MOH': 37.98, 'NOC': 4.18, 'OXY': 11986.78, 'TMUS': 1582.23, 'VLO': 1310.57, 'VRTX': 544.06, 'WRB': 739.28}",0.14
378,168,0.2,0.003785266,0.016301723,3.622921804,"{'ABBV': 232.16, 'AZO': 46.76, 'CHRW': 457.37, 'CAH': 2134.72, 'CNC': 1843.12, 'CF': 13461.97, 'ED': 6100.87, 'DVN': 3666.74, 'ENPH': 601.03, 'EQT': 26627.89, 'EXC': 1180.23, 'XOM': 303.14, 'GIS': 7976.55, 'HSY': 1146.07, 'K': 113.96, 'MPC': 214.02, 'MCK': 5309.82, 'NOC': 12.43, 'OXY': 17149.82, 'PANW': 1172.83, 'PGR': 398.49, 'SO': 526.45, 'SMCI': 54692.8, 'VRTX': 2917.09}",0.14
378,126,0.2,0.003492913,0.016265819,3.346360356,"{'ABBV': 3383.28, 'AZO': 276.28, 'BMY': 1233.45, 'CF': 6266.71, 'CVX': 771.73, 'CHD': 495.42, 'ED': 3223.18, 'CTRA': 8379.31, 'DVN': 5921.59, 'DLTR': 4054.12, 'EQT': 168.72, 'EXC': 10887.38, 'FDS': 55.08, 'GIS': 3878.47, 'HSY': 1276.36, 'K': 2289.91, 'LLY': 1992.94, 'MCK': 3188.04, 'MRK': 3010.63, 'NOC': 367.27, 'OXY': 9249.21, 'PANW': 2528.87, 'PEP': 77.13, 'PFE': 8516.2, 'PGR': 1007.9, 'PWR': 1642.52, 'SO': 378.3, 'UNH': 165.72, 'VRTX': 2726.25, 'WRB': 7253.94}",0.13
252,252,0.2,0.00485361,0.016182807,4.600273646,"{'AMD': 2805.42, 'ANET': 5531.74, 'AZO': 61.75, 'BLDR': 6477.58, 'CPT': 2422.35, 'CF': 107.78, 'COST': 653.11, 'CVS': 537.67, 'DVN': 21753.2, 'DPZ': 434.72, 'EXR': 1861.73, 'FDS': 319.16, 'F': 26235.55, 'FTNT': 6326.1, 'IT': 1455.19, 'INTU': 362.17, 'LLY': 862.44, 'LYV': 14.57, 'MAA': 1328.8, 'MRNA': 432.65, 'NUE': 342.82, 'NVDA': 23157.62, 'ON': 270.3, 'PANW': 1949.21, 'PFE': 13054.39, 'PLD': 1434.25, 'PSA': 121.86, 'RVTY': 1673.23, 'TRGP': 1655.78, 'TMO': 120.58, 'WST': 309.06, 'ZTS': 624.39}",0.13
378,105,0.2,0.003418647,0.016147532,3.209455543,"{'ABBV': 2070.27, 'AMGN': 1415.24, 'ACGL': 1199.82, 'AZO': 15.53, 'BMY': 4756.35, 'CPB': 4311.13, 'CAH': 5381.03, 'COR': 300.95, 'CVX': 884.51, 'CI': 455.26, 'CEG': 11449.74, 'EQT': 3462.11, 'XOM': 2878.1, 'FICO': 657.69, 'FSLR': 1818.1, 'GIS': 3846.0, 'GILD': 1349.2, 'HSY': 406.38, 'IBM': 34.18, 'K': 650.41, 'LW': 4326.07, 'LLY': 529.59, 'LMT': 459.28, 'MPC': 3972.57, 'MCK': 1688.75, 'MRK': 2420.81, 'NOC': 531.32, 'ORLY': 20.51, 'OXY': 6938.43, 'PGR': 1382.47, 'SRE': 1.56, 'SJM': 99.0, 'SMCI': 51340.6, 'VLO': 2076.16, 'VRTX': 1969.37, 'WRB': 517.69}",0.13
252,105,0.2,0.003820105,0.015911029,3.756011558,"{'AMGN': 672.63, 'CPB': 4760.0, 'CAH': 4870.55, 'CI': 488.41, 'CEG': 7574.07, 'ERIE': 3444.38, 'XOM': 12.57, 'FSLR': 9428.19, 'GIS': 5593.53, 'GPC': 2379.57, 'GILD': 9365.8, 'HUBB': 44.95, 'K': 2504.21, 'LW': 11320.83, 'LLY': 267.19, 'MPC': 3321.25, 'MCK': 76.9, 'MRK': 7038.69, 'MNST': 2755.13, 'SMCI': 101861.31, 'VLO': 149.96}",0.12
252,210,0.2,0.003740565,0.015292339,3.883049313,"{'ABBV': 8004.37, 'AMGN': 913.95, 'BMY': 10442.41, 'CF': 5522.93, 'ED': 2487.57, 'DLTR': 7332.77, 'GIS': 1659.55, 'HSY': 16.2, 'K': 3163.51, 'LW': 1832.12, 'LLY': 1378.29, 'LMT': 944.02, 'MCK': 4756.34, 'TAP': 4265.99, 'OXY': 12530.6, 'PFE': 1721.41, 'VRTX': 5719.0, 'WRB': 1244.22}",0.12
378,189,0.2,0.00338095,0.015266372,3.541992122,"{'ABBV': 2120.46, 'ADM': 1707.71, 'ANET': 3323.54, 'AZO': 16.44, 'BX': 316.88, 'BRO': 2002.23, 'CPT': 1601.74, 'CF': 4388.3, 'CVX': 478.01, 'COP': 2425.16, 'ED': 67.49, 'COST': 904.43, 'DVN': 10289.54, 'EW': 296.19, 'EQT': 1719.1, 'EXC': 6205.18, 'EXR': 1606.93, 'FTNT': 3836.44, 'IT': 157.91, 'HSY': 625.38, 'KR': 7127.37, 'LLY': 910.8, 'MRO': 14669.6, 'MCK': 860.37, 'MAA': 416.05, 'MOS': 1978.02, 'NOC': 244.82, 'NUE': 2567.47, 'NVDA': 14190.11, 'OXY': 91.97, 'PANW': 2843.08, 'PFE': 5179.15, 'PLD': 2101.0, 'PSA': 1334.61, 'REGN': 231.14, 'TRGP': 9892.58, 'TSLA': 281.48, 'WST': 225.92}",0.11
378,210,0.2,0.002927613,0.015190731,2.971545593,"{'ABBV': 3406.92, 'AZO': 278.21, 'BMY': 1242.07, 'CF': 6310.49, 'CVX': 777.12, 'CHD': 498.88, 'ED': 3245.7, 'CTRA': 8437.85, 'DVN': 5962.97, 'DLTR': 4082.45, 'EQT': 169.9, 'EXC': 10963.45, 'FDS': 55.47, 'GIS': 3905.56, 'HSY': 1285.28, 'K': 2305.91, 'LLY': 2006.86, 'MCK': 3210.31, 'MRK': 3031.66, 'NOC': 369.84, 'OXY': 9313.83, 'PANW': 2546.54, 'PEP': 77.67, 'PFE': 8575.7, 'PGR': 1014.95, 'PWR': 1654.0, 'SO': 380.94, 'UNH': 166.88, 'VRTX': 2745.3, 'WRB': 7304.62}",0.11
378,84,0.1,0.002862038,0.013373989,3.351758889,"{'ABBV': 1128.43, 'LNT': 197.29, 'AEE': 407.33, 'AEP': 827.56, 'AMGN': 511.98, 'ADM': 1190.12, 'AJG': 308.83, 'ATO': 578.83, 'AZO': 52.5, 'BDX': 311.99, 'BMY': 1228.26, 'BG': 505.18, 'CHRW': 1369.66, 'CPB': 2483.35, 'CAH': 1845.74, 'COR': 498.73, 'CNC': 1273.71, 'CNP': 2413.35, 'CF': 3216.0, 'CVX': 1090.57, 'CHD': 834.17, 'CI': 326.17, 'CMS': 1067.03, 'KO': 858.78, 'CL': 735.7, 'CAG': 617.16, 'COP': 1338.14, 'ED': 1922.15, 'STZ': 446.52, 'CTVA': 1711.57, 'COST': 12.18, 'CTRA': 4992.21, 'CVS': 530.88, 'DVN': 2267.84, 'FANG': 8.29, 'DLTR': 619.46, 'D': 599.8, 'DTE': 534.58, 'DUK': 382.93, 'EIX': 1059.34, 'EA': 198.97, 'ELV': 121.57, 'ENPH': 383.46, 'ETR': 147.3, 'EOG': 516.03, 'EQT': 5327.54, 'ERIE': 490.79, 'EVRG': 164.86, 'ES': 178.32, 'EXC': 2738.49, 'XOM': 1855.09, 'FDS': 197.88, 'FSLR': 892.34, 'FE': 31.81, 'GD': 4.83, 'GIS': 2504.05, 'GPC': 482.82, 'GILD': 294.88, 'HSY': 697.84, 'HES': 311.93, 'HRL': 1957.15, 'HUM': 149.07, 'HII': 27.92, 'JKHY': 282.19, 'JNJ': 257.48, 'K': 2402.74, 'KDP': 2033.8, 'KMB': 533.28, 'KHC': 1069.78, 'KR': 216.25, 'LW': 669.2, 'LLY': 207.51, 'LMT': 306.46, 'MTB': 73.73, 'MRO': 3550.72, 'MPC': 1466.41, 'MKC': 2.73, 'MCD': 302.05, 'MCK': 874.96, 'MRK': 1582.48, 'MOH': 216.29, 'MOS': 24.69, 'NI': 2593.89, 'NOC': 327.25, 'ORLY': 118.91, 'OXY': 3912.35, 'ON': 71.59, 'PANW': 751.52, 'PEP': 395.95, 'PFE': 960.12, 'PCG': 6121.16, 'PM': 242.16, 'PG': 61.95, 'PGR': 971.07, 'PEG': 151.4, 'PWR': 363.3, 'RSG': 474.94, 'SRE': 1105.39, 'SJM': 525.47, 'SO': 1738.72, 'SMCI': 13712.99, 'UNH': 92.34, 'VLO': 1380.91, 'VRTX': 749.47, 'VST': 3511.78, 'WRB': 1678.68, 'GWW': 134.49, 'WM': 361.32, 'WEC': 809.48, 'WMB': 2461.31, 'XEL': 961.89}",0.11
378,21,0.1,0.003207336,0.013341743,3.571176897,"{'ABBV': 1847.67, 'AFL': 22.15, 'MO': 235.16, 'AMGN': 1153.53, 'ACGL': 1745.23, 'ATO': 178.74, 'AZO': 41.05, 'BMY': 4307.23, 'CPB': 4602.19, 'CAH': 3285.45, 'COR': 692.75, 'CF': 330.79, 'CVX': 985.56, 'CI': 386.83, 'KO': 271.77, 'CAG': 2420.92, 'COP': 190.64, 'ED': 1185.89, 'STZ': 9.02, 'CEG': 4336.52, 'CTVA': 682.15, 'EQT': 377.53, 'ERIE': 332.48, 'XOM': 2106.06, 'FICO': 302.27, 'FSLR': 1482.72, 'GIS': 3293.57, 'GPC': 348.99, 'GILD': 2128.65, 'HSY': 766.99, 'HES': 115.53, 'HRL': 2841.62, 'HUM': 189.82, 'HII': 36.35, 'IBM': 981.28, 'INCY': 1850.11, 'JKHY': 573.77, 'JNJ': 779.85, 'K': 2964.59, 'KMB': 392.11, 'KHC': 1532.46, 'KR': 45.18, 'LW': 2894.93, 'LDOS': 348.43, 'LLY': 504.24, 'LMT': 492.47, 'MPC': 2136.48, 'MCD': 46.38, 'MCK': 969.49, 'MRK': 2693.16, 'TAP': 285.7, 'NOC': 424.02, 'ORLY': 132.15, 'OXY': 3023.9, 'PEP': 149.2, 'PM': 512.56, 'PSX': 15.63, 'PNW': 78.95, 'PGR': 1191.21, 'REGN': 66.4, 'SRE': 1013.82, 'SJM': 992.78, 'SMCI': 19788.83, 'TMUS': 178.1, 'TRV': 257.16, 'VLO': 1466.71, 'VRTX': 1103.15, 'WRB': 2125.03, 'WMT': 800.48}",0.1
252,84,0.1,0.003468616,0.013320918,4.175996431,"{'ABBV': 734.54, 'AEP': 1426.81, 'AMGN': 1036.3, 'ADM': 1043.51, 'BDX': 12.97, 'BMY': 3626.52, 'CHRW': 599.08, 'CPB': 5066.26, 'CAH': 5098.35, 'CNP': 26.57, 'CF': 1306.65, 'CVX': 446.84, 'CI': 397.85, 'CMS': 184.96, 'ED': 2183.71, 'CEG': 7509.42, 'CTVA': 2355.66, 'D': 76.26, 'DTE': 713.49, 'ENPH': 69.48, 'EQT': 6836.43, 'ERIE': 637.51, 'EXC': 65.03, 'XOM': 2745.03, 'FSLR': 2872.45, 'GIS': 3332.77, 'GPC': 454.55, 'HSY': 935.01, 'HES': 474.74, 'HII': 433.63, 'JKHY': 845.58, 'JNJ': 79.33, 'K': 5838.74, 'KDP': 1665.77, 'KHC': 1359.97, 'KR': 489.94, 'LW': 3943.28, 'LLY': 133.82, 'LMT': 496.97, 'MPC': 2470.91, 'MCK': 1536.64, 'MRK': 3262.4, 'TAP': 811.86, 'NOC': 387.96, 'OXY': 8040.66, 'PM': 891.06, 'PNW': 241.26, 'PGR': 1228.58, 'SRE': 2541.56, 'SJM': 274.39, 'SO': 2459.26, 'TMUS': 842.0, 'VLO': 2217.48, 'VRTX': 856.31, 'WRB': 2840.74, 'WEC': 836.06, 'WMB': 1806.2, 'XEL': 1449.59}",0.1
252,21,0.1,0.003766621,0.013279782,4.333528032,"{'AMGN': 1295.13, 'ACGL': 1006.3, 'AZO': 51.63, 'BMY': 2584.07, 'CPB': 6717.9, 'CAH': 3997.14, 'CBOE': 115.15, 'CI': 521.68, 'CAG': 2111.78, 'STZ': 8.32, 'CEG': 2869.53, 'EA': 20.97, 'ERIE': 2154.08, 'XOM': 1289.71, 'FSLR': 5130.29, 'GIS': 5419.5, 'GPC': 1687.92, 'GILD': 6089.9, 'HUBB': 231.81, 'HUM': 321.69, 'IBM': 198.66, 'JNJ': 206.0, 'K': 5176.07, 'KMB': 1358.57, 'LW': 7246.43, 'LLY': 535.06, 'MPC': 2485.16, 'MCD': 246.15, 'MCK': 517.61, 'MRK': 5610.62, 'MNST': 4142.4, 'ORLY': 37.3, 'PM': 411.25, 'PSX': 574.47, 'ROL': 786.09, 'SJM': 1261.67, 'SMCI': 40834.82, 'TJX': 1650.54, 'VLO': 973.33, 'VRTX': 158.78}",0.09
378,63,0.1,0.002615721,0.013197481,3.16773117,"{'ABBV': 2090.96, 'AEP': 280.34, 'AMGN': 615.55, 'ACGL': 990.41, 'ADM': 864.93, 'AJG': 152.56, 'ATO': 601.73, 'AZO': 82.18, 'BMY': 3510.26, 'CHRW': 789.68, 'CPB': 3178.84, 'CAH': 1759.92, 'COR': 108.21, 'CNC': 530.98, 'CNP': 1044.35, 'CF': 3361.75, 'CVX': 1279.12, 'CI': 517.03, 'KO': 447.38, 'COP': 1294.01, 'ED': 1884.48, 'STZ': 423.28, 'CTVA': 2365.07, 'CVS': 406.36, 'DVN': 1448.24, 'DG': 81.54, 'DLTR': 1727.29, 'DTE': 31.0, 'EA': 32.94, 'ELV': 83.38, 'ENPH': 774.49, 'EOG': 24.25, 'EQT': 3457.86, 'ERIE': 688.18, 'XOM': 2269.62, 'FDS': 62.79, 'FSLR': 1491.06, 'GIS': 3821.88, 'GPC': 516.01, 'HSY': 1036.11, 'HRL': 4093.9, 'HUBB': 245.39, 'HUM': 281.78, 'HII': 171.36, 'JKHY': 341.89, 'JNJ': 764.69, 'K': 3471.07, 'KDP': 1973.31, 'KMB': 11.54, 'KR': 585.12, 'LW': 1469.59, 'LLY': 723.43, 'LMT': 396.85, 'MTB': 186.88, 'MRO': 2481.04, 'MPC': 2041.84, 'MCD': 60.07, 'MCK': 1140.46, 'MRK': 3047.28, 'MOH': 182.99, 'NI': 36.44, 'NOC': 484.82, 'ORLY': 139.92, 'OXY': 3988.14, 'PEP': 390.95, 'PFE': 1602.75, 'PCG': 4919.88, 'PGR': 1291.53, 'REGN': 148.31, 'RSG': 282.52, 'SRE': 430.04, 'SJM': 1051.31, 'SO': 1135.49, 'UNH': 164.58, 'VLO': 1626.22, 'VRTX': 1176.89, 'VST': 527.98, 'WRB': 3854.7, 'GWW': 114.86, 'WM': 233.73, 'WEC': 146.08, 'XEL': 413.59}",0.09
252,63,0.1,0.003047202,0.013125647,3.769126589,"{'ABBV': 1317.78, 'AMGN': 759.71, 'BMY': 5559.04, 'CPB': 3919.53, 'CAH': 4937.35, 'CF': 2513.08, 'CI': 314.94, 'ED': 938.59, 'CEG': 6677.6, 'CTVA': 3346.76, 'ENPH': 1318.18, 'EQT': 7646.89, 'ERIE': 1756.36, 'XOM': 125.49, 'FSLR': 3985.83, 'GIS': 4411.94, 'GPC': 112.69, 'HSY': 772.24, 'HUBB': 72.58, 'HUM': 759.58, 'HII': 374.51, 'JKHY': 869.83, 'JNJ': 1084.54, 'K': 5870.09, 'LW': 2496.72, 'LLY': 1116.76, 'LMT': 235.06, 'MPC': 2329.65, 'MCK': 1384.45, 'MRK': 3673.61, 'MOH': 477.28, 'NOC': 378.52, 'ORLY': 40.66, 'OXY': 5171.17, 'PWR': 18.52, 'REGN': 204.91, 'RSG': 156.54, 'ROL': 196.17, 'SRE': 953.48, 'SJM': 285.36, 'SO': 4.59, 'TMUS': 1554.11, 'VLO': 1848.83, 'VRTX': 662.65, 'WRB': 4201.0, 'WM': 703.85}",0.08
378,42,0.1,0.002906037,0.013101376,3.43827899,"{'ABBV': 1908.14, 'AMGN': 948.07, 'ACGL': 943.88, 'ADM': 1208.22, 'ATO': 40.25, 'AZO': 64.76, 'BMY': 3938.18, 'CPB': 4199.52, 'CAH': 2753.51, 'COR': 513.1, 'CNC': 537.28, 'CF': 1878.28, 'CVX': 1141.27, 'CI': 593.99, 'KO': 543.49, 'CL': 62.21, 'CAG': 1000.03, 'COP': 489.18, 'ED': 1207.43, 'STZ': 264.03, 'CTVA': 2383.16, 'DG': 184.44, 'DLTR': 1235.53, 'ELV': 210.83, 'ENPH': 260.81, 'EQT': 2055.73, 'ERIE': 542.77, 'XOM': 2179.01, 'FSLR': 936.08, 'FMC': 36.24, 'GIS': 2884.38, 'GPC': 675.89, 'GILD': 1573.66, 'HSY': 867.17, 'HRL': 3036.18, 'HUBB': 85.85, 'HUM': 248.37, 'HII': 208.8, 'INCY': 1198.7, 'JKHY': 462.55, 'JNJ': 770.69, 'K': 3471.51, 'KDP': 1131.81, 'KMB': 349.31, 'KHC': 887.06, 'KR': 954.67, 'LW': 2851.61, 'LLY': 608.67, 'LMT': 394.9, 'MRO': 388.02, 'MPC': 1598.82, 'MCD': 296.05, 'MCK': 1045.1, 'MRK': 2485.58, 'MOH': 217.13, 'NOC': 289.65, 'ORLY': 153.19, 'OXY': 2891.9, 'PEP': 351.1, 'PFE': 2522.47, 'PCG': 2026.24, 'PGR': 1052.01, 'REGN': 254.28, 'SRE': 11.21, 'SJM': 1112.66, 'SMCI': 18458.23, 'TMUS': 304.64, 'TRV': 276.74, 'UNH': 172.87, 'VLO': 847.47, 'VRTX': 951.6, 'WRB': 3342.49, 'GWW': 104.0, 'WMT': 59.64}",0.08
252,42,0.1,0.003508196,0.013054315,4.233745595,"{'ABBV': 19.85, 'AMGN': 1273.53, 'AZO': 87.43, 'BMY': 3283.72, 'CPB': 4333.4, 'CAH': 2880.64, 'CBOE': 111.44, 'CF': 1402.02, 'CVX': 391.54, 'CI': 697.01, 'STZ': 84.08, 'CEG': 5327.56, 'CTVA': 987.4, 'DG': 438.74, 'ELV': 40.87, 'ENPH': 877.31, 'EQT': 3803.98, 'ERIE': 1301.24, 'XOM': 1492.01, 'FSLR': 4948.45, 'GIS': 3191.3, 'GPC': 1482.11, 'GILD': 3480.05, 'HSY': 475.46, 'HUBB': 304.07, 'HUM': 426.76, 'HII': 824.82, 'IBM': 171.28, 'INCY': 38.96, 'JKHY': 706.13, 'JNJ': 951.03, 'K': 3879.42, 'LW': 2370.47, 'LLY': 1038.26, 'LMT': 358.47, 'MPC': 1809.73, 'MCD': 19.81, 'MCK': 804.7, 'MRK': 4259.4, 'MOH': 45.86, 'NOC': 375.26, 'ORLY': 165.83, 'OXY': 3557.34, 'PCG': 371.62, 'PGR': 5.25, 'DGX': 3.78, 'REGN': 164.34, 'ROL': 4671.99, 'SJM': 484.79, 'SMCI': 4957.64, 'VLO': 1186.27, 'VRTX': 503.73, 'WRB': 2195.19, 'WM': 27.87}",0.08
378,147,0.1,0.002573826,0.012943893,3.040617111,"{'ABBV': 1955.82, 'AFL': 23.45, 'MO': 248.92, 'AMGN': 1221.05, 'ACGL': 1847.39, 'ATO': 189.2, 'AZO': 43.45, 'BMY': 4559.34, 'CPB': 4871.57, 'CAH': 3477.76, 'COR': 733.3, 'CF': 350.15, 'CVX': 1043.24, 'CI': 409.48, 'KO': 287.68, 'CAG': 2562.62, 'COP': 201.8, 'ED': 1255.31, 'STZ': 9.55, 'CEG': 4590.35, 'CTVA': 722.08, 'EQT': 399.63, 'ERIE': 351.95, 'XOM': 2229.34, 'FICO': 319.97, 'FSLR': 1569.51, 'GIS': 3486.35, 'GPC': 369.42, 'GILD': 2253.24, 'HSY': 811.89, 'HES': 122.29, 'HRL': 3007.95, 'HUM': 200.93, 'HII': 38.48, 'IBM': 1038.72, 'INCY': 1958.4, 'JKHY': 607.36, 'JNJ': 825.49, 'K': 3138.11, 'KMB': 415.06, 'KHC': 1622.16, 'KR': 47.82, 'LW': 3064.38, 'LDOS': 368.82, 'LLY': 533.76, 'LMT': 521.29, 'MPC': 2261.53, 'MCD': 49.1, 'MCK': 1026.24, 'MRK': 2850.8, 'TAP': 302.43, 'NOC': 448.84, 'ORLY': 139.88, 'OXY': 3200.9, 'PEP': 157.94, 'PM': 542.56, 'PSX': 16.54, 'PNW': 83.57, 'PGR': 1260.94, 'REGN': 70.29, 'SRE': 1073.16, 'SJM': 1050.89, 'SMCI': 20947.13, 'TMUS': 188.52, 'TRV': 272.22, 'VLO': 1552.56, 'VRTX': 1167.73, 'WRB': 2249.42, 'WMT': 847.33}",0.07
252,147,0.1,0.003400527,0.012905146,4.095979543,"{'AMGN': 1389.93, 'ACGL': 1079.95, 'AZO': 55.41, 'BMY': 2773.21, 'CPB': 7209.62, 'CAH': 4289.72, 'CBOE': 123.58, 'CI': 559.86, 'CAG': 2266.36, 'STZ': 8.93, 'CEG': 3079.56, 'EA': 22.5, 'ERIE': 2311.74, 'XOM': 1384.11, 'FSLR': 5505.81, 'GIS': 5816.18, 'GPC': 1811.47, 'GILD': 6535.65, 'HUBB': 248.78, 'HUM': 345.24, 'IBM': 213.2, 'JNJ': 221.07, 'K': 5554.94, 'KMB': 1458.01, 'LW': 7776.84, 'LLY': 574.23, 'MPC': 2667.07, 'MCD': 264.16, 'MCK': 555.5, 'MRK': 6021.29, 'MNST': 4445.6, 'ORLY': 40.03, 'PM': 441.35, 'PSX': 616.51, 'ROL': 843.63, 'SJM': 1354.02, 'SMCI': 43823.72, 'TJX': 1771.35, 'VLO': 1044.57, 'VRTX': 170.4}",0.07
378,126,0.1,0.002618574,0.012905012,3.217361185,"{'ABBV': 2852.12, 'AEP': 639.18, 'AMGN': 142.69, 'AIZ': 203.04, 'AZO': 170.72, 'BDX': 231.67, 'BMY': 3024.9, 'CHRW': 76.17, 'CPB': 13.53, 'COR': 463.8, 'CNP': 251.24, 'CF': 4773.81, 'CVX': 1332.39, 'CB': 167.62, 'CHD': 1502.13, 'CMS': 1626.97, 'KO': 1478.16, 'ED': 2984.61, 'STZ': 4.71, 'COST': 35.54, 'CTRA': 4512.08, 'DVN': 2371.57, 'DLTR': 2320.97, 'DTE': 274.94, 'DUK': 165.19, 'ELV': 68.11, 'EXC': 7582.78, 'XOM': 1365.53, 'FDS': 266.22, 'GIS': 3431.9, 'HSY': 1131.73, 'HOLX': 1483.64, 'HRL': 269.06, 'JKHY': 123.24, 'JNJ': 884.49, 'K': 4078.87, 'KMB': 1112.09, 'KR': 1216.7, 'LLY': 1293.56, 'LMT': 182.95, 'MPC': 378.12, 'MCD': 230.52, 'MCK': 1921.25, 'MRK': 3713.49, 'NI': 975.52, 'NOC': 487.87, 'ORLY': 122.22, 'OXY': 4410.46, 'PANW': 2101.99, 'PEP': 674.65, 'PFE': 7452.37, 'PG': 56.65, 'PGR': 1313.45, 'PWR': 1276.03, 'REGN': 137.17, 'RSG': 356.8, 'SO': 1973.24, 'TRV': 12.84, 'TSN': 1098.76, 'UNH': 177.87, 'VRTX': 1843.17, 'WRB': 5280.85, 'WEC': 616.71}",0.06
252,126,0.1,0.003324369,0.012806866,4.074210617,"{'ABBV': 4749.16, 'AEP': 202.5, 'AMGN': 1599.73, 'T': 90.11, 'ATO': 715.63, 'BMY': 7733.49, 'CPB': 3557.69, 'CF': 4183.39, 'CVX': 1301.45, 'CHD': 664.51, 'CMS': 52.35, 'KO': 1291.89, 'ED': 3101.74, 'STZ': 5.78, 'CTVA': 1723.19, 'DLTR': 3586.89, 'ENPH': 138.34, 'EXC': 2039.2, 'XOM': 1988.17, 'GIS': 3061.31, 'HSY': 844.68, 'HRL': 3192.71, 'IBM': 882.22, 'INCY': 3122.4, 'JNJ': 658.96, 'K': 5557.23, 'KMB': 268.74, 'LW': 2484.61, 'LLY': 1008.32, 'LMT': 1024.07, 'MCD': 64.61, 'MCK': 2260.98, 'MRK': 2888.95, 'TAP': 4612.58, 'NI': 822.01, 'NOC': 339.31, 'OXY': 4565.57, 'PFE': 5564.21, 'PGR': 1341.37, 'SO': 1002.08, 'TMUS': 317.05, 'VLO': 708.44, 'VRTX': 2853.38, 'WRB': 3985.64, 'XEL': 156.08}",0.06
378,231,0.1,0.002483869,0.0126778,3.090313582,"{'ABBV': 2138.49, 'AEP': 286.71, 'AMGN': 629.54, 'ACGL': 1012.93, 'ADM': 884.59, 'AJG': 156.02, 'ATO': 615.41, 'AZO': 84.04, 'BMY': 3590.05, 'CHRW': 807.64, 'CPB': 3251.1, 'CAH': 1799.93, 'COR': 110.67, 'CNC': 543.05, 'CNP': 1068.09, 'CF': 3438.17, 'CVX': 1308.2, 'CI': 528.78, 'KO': 457.54, 'COP': 1323.43, 'ED': 1927.32, 'STZ': 432.9, 'CTVA': 2418.84, 'CVS': 415.6, 'DVN': 1481.16, 'DG': 83.4, 'DLTR': 1766.55, 'DTE': 31.71, 'EA': 33.69, 'ELV': 85.28, 'ENPH': 792.1, 'EOG': 24.81, 'EQT': 3536.46, 'ERIE': 703.82, 'XOM': 2321.22, 'FDS': 64.22, 'FSLR': 1524.96, 'GIS': 3908.76, 'GPC': 527.74, 'HSY': 1059.66, 'HRL': 4186.96, 'HUBB': 250.97, 'HUM': 288.19, 'HII': 175.25, 'JKHY': 349.66, 'JNJ': 782.07, 'K': 3549.98, 'KDP': 2018.17, 'KMB': 11.8, 'KR': 598.43, 'LW': 1503.0, 'LLY': 739.87, 'LMT': 405.87, 'MTB': 191.13, 'MRO': 2537.44, 'MPC': 2088.25, 'MCD': 61.43, 'MCK': 1166.39, 'MRK': 3116.55, 'MOH': 187.15, 'NI': 37.27, 'NOC': 495.85, 'ORLY': 143.1, 'OXY': 4078.79, 'PEP': 399.84, 'PFE': 1639.19, 'PCG': 5031.71, 'PGR': 1320.89, 'REGN': 151.68, 'RSG': 288.95, 'SRE': 439.82, 'SJM': 1075.21, 'SO': 1161.3, 'UNH': 168.32, 'VLO': 1663.18, 'VRTX': 1203.64, 'VST': 539.98, 'WRB': 3942.33, 'GWW': 117.47, 'WM': 239.04, 'WEC': 149.4, 'XEL': 422.99}",0.06
378,105,0.1,0.002494237,0.012676815,3.040916463,"{'ABBV': 1943.11, 'AFL': 23.3, 'MO': 247.3, 'AMGN': 1213.12, 'ACGL': 1835.38, 'ATO': 187.97, 'AZO': 43.17, 'BMY': 4529.72, 'CPB': 4839.91, 'CAH': 3455.16, 'COR': 728.54, 'CF': 347.88, 'CVX': 1036.46, 'CI': 406.82, 'KO': 285.81, 'CAG': 2545.97, 'COP': 200.49, 'ED': 1247.15, 'STZ': 9.49, 'CEG': 4560.52, 'CTVA': 717.38, 'EQT': 397.04, 'ERIE': 349.66, 'XOM': 2214.85, 'FICO': 317.89, 'FSLR': 1559.31, 'GIS': 3463.7, 'GPC': 367.02, 'GILD': 2238.6, 'HSY': 806.61, 'HES': 121.5, 'HRL': 2988.41, 'HUM': 199.63, 'HII': 38.23, 'IBM': 1031.97, 'INCY': 1945.68, 'JKHY': 603.41, 'JNJ': 820.13, 'K': 3117.72, 'KMB': 412.36, 'KHC': 1611.62, 'KR': 47.51, 'LW': 3044.47, 'LDOS': 366.43, 'LLY': 530.29, 'LMT': 517.91, 'MPC': 2246.84, 'MCD': 48.78, 'MCK': 1019.57, 'MRK': 2832.28, 'TAP': 300.46, 'NOC': 445.92, 'ORLY': 138.98, 'OXY': 3180.1, 'PEP': 156.91, 'PM': 539.04, 'PSX': 16.43, 'PNW': 83.02, 'PGR': 1252.74, 'REGN': 69.83, 'SRE': 1066.19, 'SJM': 1044.07, 'SMCI': 20811.03, 'TMUS': 187.3, 'TRV': 270.45, 'VLO': 1542.47, 'VRTX': 1160.14, 'WRB': 2234.8, 'WMT': 841.83}",0.05
378,252,0.1,0.002510929,0.012661048,3.35869282,"{'GOOGL': 717.92, 'GOOG': 748.66, 'AON': 111.01, 'ANET': 1587.16, 'AZO': 107.04, 'AVB': 452.78, 'BX': 1482.63, 'BRO': 15.71, 'BLDR': 1393.07, 'CPT': 1951.66, 'CBOE': 224.2, 'CBRE': 42.11, 'CF': 847.16, 'COP': 349.63, 'COST': 238.53, 'CCI': 59.63, 'CVS': 951.8, 'DHR': 226.69, 'DVN': 8174.52, 'FANG': 1240.79, 'DLR': 134.86, 'DPZ': 206.72, 'ELV': 127.08, 'EPAM': 223.65, 'EQR': 858.39, 'EVRG': 217.0, 'EXR': 2072.76, 'FDS': 4.81, 'FE': 385.27, 'F': 17616.28, 'FTNT': 4785.31, 'IT': 802.42, 'GS': 25.73, 'HD': 202.7, 'INTU': 39.67, 'INVH': 3011.25, 'IQV': 72.12, 'IRM': 5876.62, 'JCI': 1317.55, 'JNPR': 1585.88, 'KEYS': 63.18, 'KKR': 1874.97, 'KR': 4366.4, 'LH': 510.03, 'LLY': 787.79, 'LYV': 59.24, 'LOW': 299.12, 'MRO': 13380.92, 'MMC': 286.61, 'MSFT': 123.0, 'MAA': 1442.65, 'MRNA': 1111.22, 'MSI': 129.45, 'NDAQ': 1321.61, 'NUE': 2131.79, 'NVDA': 7055.24, 'ORLY': 166.23, 'ODFL': 738.72, 'ON': 921.42, 'PANW': 291.36, 'PFE': 6521.79, 'POOL': 1.04, 'PLD': 1314.09, 'PSA': 792.42, 'DGX': 1041.88, 'REG': 1134.55, 'RSG': 82.03, 'RVTY': 40.14, 'SBAC': 123.54, 'STX': 782.49, 'SHW': 66.68, 'SPG': 160.7, 'TRGP': 2070.4, 'TMO': 115.05, 'TSCO': 446.56, 'TSN': 74.24, 'UDR': 1602.02, 'UNH': 161.3, 'WM': 236.44, 'WAT': 29.5, 'WST': 438.69, 'ZTS': 213.11}",0.05
252,105,0.1,0.002939408,0.012639382,3.724318672,"{'AMGN': 1379.22, 'ACGL': 1071.64, 'AZO': 54.98, 'BMY': 2751.86, 'CPB': 7154.11, 'CAH': 4256.69, 'CBOE': 122.63, 'CI': 555.55, 'CAG': 2248.91, 'STZ': 8.86, 'CEG': 3055.85, 'EA': 22.33, 'ERIE': 2293.94, 'XOM': 1373.45, 'FSLR': 5463.41, 'GIS': 5771.4, 'GPC': 1797.52, 'GILD': 6485.33, 'HUBB': 246.86, 'HUM': 342.58, 'IBM': 211.55, 'JNJ': 219.37, 'K': 5512.16, 'KMB': 1446.79, 'LW': 7716.95, 'LLY': 569.81, 'MPC': 2646.53, 'MCD': 262.13, 'MCK': 551.22, 'MRK': 5974.92, 'MNST': 4411.37, 'ORLY': 39.72, 'PM': 437.95, 'PSX': 611.77, 'ROL': 837.13, 'SJM': 1343.6, 'SMCI': 43486.28, 'TJX': 1757.71, 'VLO': 1036.53, 'VRTX': 169.09}",0.04
252,189,0.1,0.002971477,0.012567661,3.911002518,"{'ABBV': 1994.77, 'AEP': 332.36, 'AON': 773.38, 'APA': 1820.04, 'ADM': 3162.65, 'ANET': 1300.29, 'ATO': 62.52, 'BKR': 7596.31, 'BRO': 249.53, 'BG': 1409.47, 'COR': 539.39, 'CF': 5178.19, 'CVX': 2382.82, 'CB': 46.41, 'CHD': 794.21, 'CMS': 370.7, 'COP': 2174.8, 'ED': 2450.26, 'COST': 432.06, 'CTRA': 1681.84, 'DVN': 4233.4, 'DLTR': 1917.44, 'EIX': 2124.76, 'EOG': 240.16, 'EQT': 153.45, 'EXC': 8044.1, 'FDS': 289.45, 'FE': 473.53, 'HAL': 3365.19, 'HSY': 568.04, 'HRL': 922.47, 'JNPR': 2931.28, 'KR': 5415.44, 'LYV': 1019.91, 'MRO': 10285.31, 'MPC': 539.53, 'MKC': 1064.18, 'MCK': 1176.66, 'MOS': 4701.88, 'NEM': 4601.13, 'NI': 4631.6, 'NOC': 41.63, 'NUE': 178.67, 'OXY': 1673.57, 'ON': 2755.15, 'PANW': 1697.06, 'PFE': 6316.62, 'PCG': 9396.22, 'PLD': 864.2, 'PSA': 350.42, 'PWR': 108.71, 'REGN': 135.85, 'SRE': 903.22, 'SO': 285.83, 'TRGP': 2861.33, 'TSLA': 1063.64, 'TSN': 707.41, 'VLO': 230.17, 'VRTX': 953.41, 'WRB': 1342.28}",0.04
252,168,0.1,0.003003644,0.012355513,3.877208253,"{'ABBV': 745.85, 'AEP': 1448.77, 'AMGN': 1052.26, 'ADM': 1059.58, 'BDX': 13.17, 'BMY': 3682.35, 'CHRW': 608.31, 'CPB': 5144.26, 'CAH': 5176.85, 'CNP': 26.98, 'CF': 1326.76, 'CVX': 453.72, 'CI': 403.97, 'CMS': 187.81, 'ED': 2217.33, 'CEG': 7625.04, 'CTVA': 2391.93, 'D': 77.43, 'DTE': 724.48, 'ENPH': 70.55, 'EQT': 6941.68, 'ERIE': 647.32, 'EXC': 66.03, 'XOM': 2787.29, 'FSLR': 2916.67, 'GIS': 3384.08, 'GPC': 461.55, 'HSY': 949.4, 'HES': 482.04, 'HII': 440.31, 'JKHY': 858.6, 'JNJ': 80.55, 'K': 5928.64, 'KDP': 1691.42, 'KHC': 1380.91, 'KR': 497.48, 'LW': 4003.99, 'LLY': 135.88, 'LMT': 504.62, 'MPC': 2508.95, 'MCK': 1560.3, 'MRK': 3312.63, 'TAP': 824.36, 'NOC': 393.93, 'OXY': 8164.46, 'PM': 904.78, 'PNW': 244.97, 'PGR': 1247.49, 'SRE': 2580.69, 'SJM': 278.62, 'SO': 2497.13, 'TMUS': 854.96, 'VLO': 2251.62, 'VRTX': 869.49, 'WRB': 2884.48, 'WEC': 848.94, 'WMB': 1834.01, 'XEL': 1471.91}",0.03
378,168,0.1,0.002713565,0.012339922,3.419743646,"{'ABBV': 1139.14, 'LNT': 199.17, 'AEE': 411.2, 'AEP': 835.42, 'AMGN': 516.85, 'ADM': 1201.43, 'AJG': 311.76, 'ATO': 584.32, 'AZO': 53.0, 'BDX': 314.95, 'BMY': 1239.93, 'BG': 509.97, 'CHRW': 1382.67, 'CPB': 2506.94, 'CAH': 1863.27, 'COR': 503.47, 'CNC': 1285.81, 'CNP': 2436.27, 'CF': 3246.54, 'CVX': 1100.93, 'CHD': 842.1, 'CI': 329.27, 'CMS': 1077.17, 'KO': 866.94, 'CL': 742.69, 'CAG': 623.02, 'COP': 1350.85, 'ED': 1940.4, 'STZ': 450.76, 'CTVA': 1727.82, 'COST': 12.29, 'CTRA': 5039.63, 'CVS': 535.92, 'DVN': 2289.38, 'FANG': 8.37, 'DLTR': 625.34, 'D': 605.5, 'DTE': 539.66, 'DUK': 386.57, 'EIX': 1069.41, 'EA': 200.86, 'ELV': 122.73, 'ENPH': 387.1, 'ETR': 148.7, 'EOG': 520.94, 'EQT': 5378.14, 'ERIE': 495.46, 'EVRG': 166.43, 'ES': 180.01, 'EXC': 2764.5, 'XOM': 1872.71, 'FDS': 199.76, 'FSLR': 900.82, 'FE': 32.11, 'GD': 4.88, 'GIS': 2527.84, 'GPC': 487.41, 'GILD': 297.68, 'HSY': 704.47, 'HES': 314.89, 'HRL': 1975.74, 'HUM': 150.49, 'HII': 28.19, 'JKHY': 284.87, 'JNJ': 259.92, 'K': 2425.56, 'KDP': 2053.12, 'KMB': 538.34, 'KHC': 1079.95, 'KR': 218.3, 'LW': 675.56, 'LLY': 209.48, 'LMT': 309.37, 'MTB': 74.43, 'MRO': 3584.44, 'MPC': 1480.34, 'MKC': 2.76, 'MCD': 304.92, 'MCK': 883.27, 'MRK': 1597.51, 'MOH': 218.35, 'MOS': 24.92, 'NI': 2618.53, 'NOC': 330.36, 'ORLY': 120.04, 'OXY': 3949.51, 'ON': 72.27, 'PANW': 758.66, 'PEP': 399.71, 'PFE': 969.24, 'PCG': 6179.3, 'PM': 244.46, 'PG': 62.54, 'PGR': 980.3, 'PEG': 152.84, 'PWR': 366.75, 'RSG': 479.45, 'SRE': 1115.88, 'SJM': 530.46, 'SO': 1755.23, 'SMCI': 13843.24, 'UNH': 93.22, 'VLO': 1394.03, 'VRTX': 756.59, 'VST': 3545.14, 'WRB': 1694.63, 'GWW': 135.76, 'WM': 364.75, 'WEC': 817.17, 'WMB': 2484.69, 'XEL': 971.02}",0.03
252,231,0.1,0.003326826,0.012205695,4.185331121,"{'ABBV': 1360.76, 'AMGN': 784.49, 'BMY': 5740.32, 'CPB': 4047.35, 'CAH': 5098.36, 'CF': 2595.04, 'CI': 325.21, 'ED': 969.2, 'CEG': 6895.36, 'CTVA': 3455.91, 'ENPH': 1361.16, 'EQT': 7896.27, 'ERIE': 1813.63, 'XOM': 129.58, 'FSLR': 4115.81, 'GIS': 4555.82, 'GPC': 116.37, 'HSY': 797.43, 'HUBB': 74.95, 'HUM': 784.35, 'HII': 386.72, 'JKHY': 898.2, 'JNJ': 1119.91, 'K': 6061.52, 'LW': 2578.14, 'LLY': 1153.18, 'LMT': 242.73, 'MPC': 2405.63, 'MCK': 1429.6, 'MRK': 3793.41, 'MOH': 492.85, 'NOC': 390.86, 'ORLY': 41.99, 'OXY': 5339.81, 'PWR': 19.12, 'REGN': 211.59, 'RSG': 161.64, 'ROL': 202.57, 'SRE': 984.58, 'SJM': 294.66, 'SO': 4.74, 'TMUS': 1604.79, 'VLO': 1909.13, 'VRTX': 684.26, 'WRB': 4337.99, 'WM': 726.8}",0.03
252,210,0.1,0.002867967,0.012192047,3.847986525,"{'ABBV': 4796.16, 'AEP': 204.5, 'AMGN': 1615.57, 'T': 91.01, 'ATO': 722.71, 'BMY': 7810.02, 'CPB': 3592.9, 'CF': 4224.79, 'CVX': 1314.33, 'CHD': 671.09, 'CMS': 52.87, 'KO': 1304.68, 'ED': 3132.44, 'STZ': 5.84, 'CTVA': 1740.24, 'DLTR': 3622.39, 'ENPH': 139.71, 'EXC': 2059.38, 'XOM': 2007.85, 'GIS': 3091.61, 'HSY': 853.04, 'HRL': 3224.31, 'IBM': 890.95, 'INCY': 3153.3, 'JNJ': 665.48, 'K': 5612.23, 'KMB': 271.4, 'LW': 2509.2, 'LLY': 1018.3, 'LMT': 1034.21, 'MCD': 65.25, 'MCK': 2283.35, 'MRK': 2917.54, 'TAP': 4658.23, 'NI': 830.15, 'NOC': 342.67, 'OXY': 4610.75, 'PFE': 5619.28, 'PGR': 1354.65, 'SO': 1011.99, 'TMUS': 320.19, 'VLO': 715.45, 'VRTX': 2881.62, 'WRB': 4025.08, 'XEL': 157.63}",0.02
378,189,0.1,0.002613592,0.012089985,3.518399283,"{'ABBV': 2029.33, 'LNT': 188.7, 'AON': 265.74, 'AAPL': 263.56, 'ADM': 2049.66, 'ANET': 1968.24, 'AJG': 201.66, 'ATO': 197.6, 'AZO': 50.04, 'AVB': 46.37, 'BX': 112.28, 'BRO': 1706.31, 'BG': 5.08, 'CPT': 1345.73, 'COR': 220.12, 'CNP': 2518.12, 'CF': 2989.81, 'CVX': 1114.38, 'CHD': 359.87, 'CMS': 421.0, 'COP': 2015.97, 'ED': 1463.81, 'COST': 658.67, 'CVS': 975.54, 'DHR': 226.83, 'DVN': 5360.71, 'DXCM': 194.14, 'DLTR': 384.01, 'EW': 465.81, 'ELV': 11.01, 'EOG': 252.11, 'EQT': 737.96, 'EXC': 5683.81, 'EXR': 1238.52, 'XOM': 21.02, 'FDS': 202.86, 'FE': 1708.24, 'FTNT': 1637.48, 'IT': 200.68, 'GEN': 72.59, 'HAL': 564.49, 'HSY': 976.17, 'IRM': 501.88, 'JKHY': 198.31, 'KR': 5696.08, 'LLY': 817.51, 'LMT': 57.87, 'MRO': 8660.57, 'MMC': 525.86, 'MKC': 86.96, 'MCK': 754.93, 'MAA': 570.6, 'MOS': 1257.31, 'NEM': 1839.3, 'NI': 3503.24, 'NOC': 416.13, 'NUE': 1279.39, 'NVDA': 7633.08, 'ORLY': 85.19, 'OXY': 631.84, 'PANW': 2104.37, 'PEP': 311.11, 'PFE': 6128.55, 'PG': 116.15, 'PLD': 1536.41, 'PSA': 993.16, 'REGN': 328.69, 'RSG': 143.49, 'RMD': 48.68, 'RVTY': 208.0, 'SRE': 217.63, 'SO': 522.35, 'TRGP': 5695.73, 'TSLA': 484.73, 'TMO': 191.08, 'UNH': 69.22, 'VRTX': 80.54, 'VST': 179.86, 'WELL': 47.07, 'WST': 342.31, 'WMB': 1179.29}",0.02
378,210,0.1,0.002121463,0.011894992,2.840552884,"{'ABBV': 2873.11, 'AEP': 643.89, 'AMGN': 143.74, 'AIZ': 204.53, 'AZO': 171.98, 'BDX': 233.38, 'BMY': 3047.16, 'CHRW': 76.73, 'CPB': 13.63, 'COR': 467.22, 'CNP': 253.09, 'CF': 4808.94, 'CVX': 1342.19, 'CB': 168.86, 'CHD': 1513.18, 'CMS': 1638.94, 'KO': 1489.04, 'ED': 3006.57, 'STZ': 4.75, 'COST': 35.81, 'CTRA': 4545.29, 'DVN': 2389.03, 'DLTR': 2338.05, 'DTE': 276.96, 'DUK': 166.4, 'ELV': 68.61, 'EXC': 7638.59, 'XOM': 1375.58, 'FDS': 268.17, 'GIS': 3457.16, 'HSY': 1140.06, 'HOLX': 1494.56, 'HRL': 271.04, 'JKHY': 124.15, 'JNJ': 891.0, 'K': 4108.89, 'KMB': 1120.27, 'KR': 1225.66, 'LLY': 1303.08, 'LMT': 184.29, 'MPC': 380.9, 'MCD': 232.21, 'MCK': 1935.39, 'MRK': 3740.82, 'NI': 982.7, 'NOC': 491.46, 'ORLY': 123.12, 'OXY': 4442.92, 'PANW': 2117.46, 'PEP': 679.62, 'PFE': 7507.21, 'PG': 57.07, 'PGR': 1323.12, 'PWR': 1285.42, 'REGN': 138.18, 'RSG': 359.42, 'SO': 1987.76, 'TRV': 12.93, 'TSN': 1106.84, 'UNH': 179.18, 'VRTX': 1856.73, 'WRB': 5319.71, 'WEC': 621.25}",0.01
252,252,0.1,0.003726386,0.011888144,4.803728839,"{'ABBV': 291.2, 'ACN': 257.5, 'AMD': 1735.4, 'AON': 213.99, 'ANET': 2736.74, 'AZO': 87.99, 'AVB': 148.47, 'AVGO': 1107.69, 'BRO': 1596.27, 'BLDR': 2838.86, 'CPT': 1716.78, 'CBOE': 120.31, 'CNC': 760.61, 'CF': 1613.62, 'CHD': 455.15, 'COP': 1512.69, 'COST': 484.2, 'CVS': 1816.54, 'DHR': 163.2, 'DVN': 9538.16, 'DPZ': 512.52, 'EXC': 1320.4, 'EXR': 1252.57, 'FDS': 460.68, 'F': 15549.39, 'FTNT': 2758.81, 'IT': 758.27, 'HSY': 108.15, 'HD': 2.64, 'INTU': 277.79, 'INVH': 1887.68, 'JNPR': 2724.72, 'KEYS': 23.7, 'KR': 32.08, 'LLY': 833.75, 'LYV': 994.9, 'LOW': 88.12, 'MRO': 2320.42, 'MMC': 671.08, 'MAA': 1057.75, 'MRNA': 777.88, 'MSI': 370.65, 'NUE': 1124.33, 'NVDA': 10429.38, 'ORLY': 155.94, 'ODFL': 282.75, 'ON': 986.69, 'PANW': 1614.02, 'PAYX': 622.3, 'PEP': 97.28, 'PFE': 9061.16, 'POOL': 15.26, 'PG': 493.59, 'PLD': 1289.46, 'PSA': 484.32, 'DGX': 996.09, 'REGN': 119.15, 'RSG': 332.36, 'RMD': 3.6, 'RVTY': 1448.07, 'SBAC': 226.68, 'SHW': 159.51, 'SNPS': 6.97, 'TRGP': 2643.16, 'TSLA': 268.92, 'TMO': 306.13, 'VST': 2240.78, 'WST': 396.28, 'ZTS': 822.28}",0.01
